TIME; %CPU; %MEM; #PID
2164;100;4,196999;100
646;100;4,3519998;100
893;100;4,3429995;100
70;100;4,1690006;100
2200;100;4,2920003;100
3022;100;4,556001;100
1323;100;4,334999;100
1666;100;4,3799987;100
1037;100;4,4249997;100
2823;100;4,397001;100
2631;100;4,506999;100
1587;100;4,2229996;100
1502;100;4,299;100
2453;100;4,3849993;100
810;100;4,3809996;100
1880;100;4,4519997;100
1338;100;4,215;100
1719;100;4,2699995;100
2095;100;4,3519993;100
1412;100;4,222999;100
630;100;4,3429995;100
2613;100;4,479999;100
1025;100;4,3430004;100
1470;100;4,279;100
366;100;4,4339995;100
2745;100;4,5059996;100
1370;100;4,249;100
139;100;4,2910023;100
2890;100;4,4979997;100
1824;100;4,3869987;100
1191;100;4,3869996;100
1169;100;4,3929987;100
2296;100;4,328999;100
2307;100;4,267;100
3054;100;4,4530015;100
3346;100;4,3940005;100
761;100;4,334;100
2342;100;4,356;100
102;100;4,310001;100
2337;100;4,4090004;100
3009;100;4,3950005;100
2110;100;4,375;100
2132;100;4,2499995;100
1455;100;4,3549995;100
2032;100;4,3059998;100
1634;100;4,300999;100
2779;100;4,5099998;100
2073;100;4,363998;100
3662;100;4,4235954;89
1768;100;4,3540006;100
3400;100;4,3519998;100
1996;100;4,2179995;100
2264;100;4,320999;100
480;100;4,4810004;100
3799;100;4,5;1
1560;100;4,2740006;100
1106;100;4,395999;100
348;100;4,381;100
3667;100;4,4528093;89
1730;100;4,3599987;100
3435;100;4,4120007;100
3168;100;4,4459996;100
2413;100;4,384001;100
2877;100;4,4229994;100
1238;100;4,3830004;100
847;100;4,373;100
910;100;4,428999;100
2922;100;4,460999;100
3478;100;4,455556;99
3699;100;4,4333334;69
334;100;4,3500004;100
629;100;4,288001;100
1032;100;4,3909993;100
250;100;4,2600007;100
2464;100;4,3139987;100
3398;100;4,4409995;100
1900;100;4,3819995;100
894;100;4,4139996;100
1841;100;4,362999;100
3582;100;4,4098897;91
1316;100;4,2;100
2788;100;4,5290003;100
2596;100;4,492;100
519;100;4,397;100
1851;100;4,516;100
2500;100;4,447001;100
2428;100;4,4559984;100
2481;100;4,4669995;100
1084;100;4,3510003;100
963;100;4,3999996;100
1983;100;4,2499995;100
469;100;4,2950006;100
2560;100;4,532999;100
3450;100;4,4579988;100
235;100;4,4110003;100
2545;100;4,531;100
942;100;4,4989986;100
1;52;2,717;100
1180;100;4,343;100
2332;100;4,324999;100
778;100;4,435;100
3567;100;4,4340663;91
556;100;4,376;100
667;100;4,3639994;100
1819;100;4,359999;100
1296;100;4,3190002;100
1957;100;4,264;100
1951;100;4,233;100
89;100;4,204;100
1550;100;4,3129992;100
2281;100;4,3340015;100
1555;100;4,344001;100
1111;100;4,376;100
3173;100;4,506;100
1687;100;4,3409996;100
482;100;4,417001;100
353;100;4,347001;100
2251;100;4,316;100
2364;100;4,3569994;100
1856;100;4,353999;100
3681;100;4,5128207;78
1201;100;4,3199997;100
2078;100;4,2839994;100
3535;100;4,4141307;92
1751;100;4,313;100
3186;100;4,519;100
409;100;4,3509994;100
978;100;4,3710003;100
171;100;4,248999;100
3682;100;4,384615;78
1212;100;4,3259997;100
524;100;4,370001;100
1159;100;4,301999;100
2310;100;4,309;100
2513;100;4,4370008;100
583;100;4,41;100
2977;100;4,5150013;100
763;100;4,4389997;100
3073;100;4,4779997;100
1925;100;4,3769984;100
1006;100;4,394;100
2211;100;4,279;100
2118;100;4,299999;100
2941;100;4,528999;100
1597;100;4,352001;100
1407;100;4,210999;100
116;100;4,388;100
2105;100;4,2849994;100
3318;100;4,368;100
684;100;4,361999;100
731;100;4,4019995;100
1291;100;4,327999;100
1883;100;4,357999;100
218;100;4,3919997;100
277;100;4,473001;100
2232;100;4,2769995;100
2623;100;4,529;100
1069;100;4,3249993;100
2809;100;4,5429997;100
1523;100;4,222;100
3763;100;4,4714284;7
2645;100;4,567;100
2496;100;4,4290004;100
3231;100;4,496;100
2382;100;4,4249997;100
2396;100;4,3209996;100
2909;100;4,519;100
2063;100;4,2429996;100
3550;100;4,4252753;91
1444;100;4,3129997;100
2777;100;4,5190005;100
1809;100;4,3800006;100
2660;100;4,5339985;100
3418;100;4,376;100
3510;100;4,435483;93
1619;100;4,346999;100
3286;100;4,332001;100
3378;100;4,3970003;100
995;100;4,3980007;100
2528;100;4,532999;100
3041;100;4,4229994;100
3154;100;4,5539994;100
2954;100;4,4519997;100
2591;100;4,3769994;100
1402;100;4,254999;100
3461;100;4,41;100
1423;100;4,315999;100
309;100;4,434001;100
2948;100;4,487;100
1570;100;4,276999;100
1940;100;4,3229995;100
2249;100;4,3119984;100
3099;100;4,4819994;100
742;100;4,403;100
1074;100;4,456;100
2672;100;4,5580006;100
1545;100;4,261;100
2677;100;4,471998;100
2015;100;4,312;100
6;100;4,045999;100
1729;100;4,338999;100
3109;100;4,4999995;100
874;100;4,3670015;100
3013;100;4,4709992;100
1206;100;4,336;100
450;100;4,2400007;100
121;100;4,337001;100
2100;100;4,2929993;100
2283;100;4,314;100
248;100;4,4940004;100
1592;100;4,2209997;100
2115;100;4,2959995;100
2838;100;4,376002;100
1143;100;4,3769994;100
380;100;4,3580003;100
1270;100;4,3320003;100
879;100;4,4009986;100
441;100;4,3620014;100
656;100;4,4349995;100
3499;100;4,441666;96
512;100;4,299;100
2381;100;4,3460007;100
1972;100;4,2880006;100
1794;100;4,275998;100
3403;100;4,4030004;100
2855;100;4,5780005;100
1534;100;4,2949986;100
615;100;4,2639995;100
1693;100;4,2989993;100
270;100;4,491001;100
678;100;4,419;100
1306;100;4,2609987;100
203;100;4,3880005;100
598;100;4,4109993;100
1438;100;4,309;100
1042;100;4,422;100
862;100;4,369001;100
3383;100;4,501;100
1174;100;4,404;100
1487;100;4,293999;100
1498;100;4,309;100
11;100;4,277001;100
2196;100;4,285001;100
1706;100;4,333;100
3018;100;4,49;100
1079;100;4,396001;100
1789;100;4,429999;100
1427;100;4,2759995;100
3218;100;4,539;100
3531;100;4,3749995;92
1672;100;4,265;100
3795;100;4,15;2
1609;100;4,321;100
3440;100;4,466;100
386;100;4,2979994;100
385;100;4,3560014;100
57;100;4,251;100
1656;100;4,3549995;100
3121;100;4,468;100
3430;100;4,385;100
3050;100;4,4979997;100
3746;100;4,4533334;15
1138;100;4,242999;100
2608;100;4,5059996;100
2687;100;4,579999;100
1757;100;4,3500004;100
1311;100;4,278999;100
534;100;4,3660007;100
3005;100;4,4530005;100
2036;100;4,2060003;100
3333;100;4,3589997;100
3368;100;4,4180007;100
3649;100;4,4144444;90
3136;100;4,445;100
551;100;4,337;100
3650;100;4,4300003;90
3366;100;4,429;100
143;100;4,352001;100
2741;100;4,5099993;100
2919;100;4,482;100
3045;100;4,519;100
1736;100;4,422;100
1868;100;4,3809996;100
501;100;4,2950006;100
2185;100;4,285001;100
3176;100;4,509001;100
1165;100;4,3060007;100
2000;100;4,245;100
798;100;4,4179993;100
2317;100;4,334001;100
3447;100;4,3580008;100
716;100;4,3989997;100
2449;100;4,3749995;100
3339;100;4,3789997;100
2934;100;4,4759994;100
1276;100;4,290999;100
2142;100;4,297999;100
2435;100;4,428;100
1873;100;4,3589993;100
2713;100;4,5009995;100
473;100;4,325;100
3617;100;4,4087915;91
1234;100;4,3369985;100
3782;101;4,3;2
815;100;4,420998;100
1328;100;4,2759995;100
3694;100;4,3478866;71
2477;100;4,373;100
2628;100;4,5039997;100
2169;100;4,27;100
1261;100;4,3810005;100
699;100;4,4030004;100
1920;100;4,323999;100
3254;100;4,572;100
1989;100;4,257;100
2460;100;4,467001;100
3415;100;4,4000006;100
1762;100;4,339999;100
1343;100;4,2409997;100
3122;100;4,527;100
748;100;4,3849993;100
914;100;4,402999;100
3482;100;4,418181;99
3563;100;4,3692303;91
1641;100;4,309;100
2581;100;4,576;100
2902;100;4,428;100
946;100;4,3479996;100
3314;100;4,4259996;100
1064;100;4,288;100
1955;100;4,3329997;100
2845;100;4,3009987;100
341;100;4,2609997;100
3578;100;4,487912;91
2043;100;4,2940006;100
539;100;4,3929996;100
1355;100;4,1760006;100
154;100;4,3300014;100
2147;100;4,328;100
1508;100;4,328999;100
1223;100;4,3689995;100
931;100;4,344001;100
3718;100;4,434694;49
2361;100;4,3319993;100
1459;100;4,357999;100
671;100;4,359;100
3277;100;4,482001;100
2576;100;4,615999;100
830;100;4,4139996;100
3371;100;4,385001;100
175;100;4,289;100
1096;100;4,367;100
405;100;4,3749995;100
3336;100;4,394;100
1197;100;4,287999;100
1747;100;4,3609996;100
3104;100;4,564;100
899;100;4,4470005;100
186;100;4,382;100
1836;100;4,342999;100
2217;100;4,277001;100
3237;100;4,473;100
3630;100;4,305494;91
2349;100;4,31;100
3351;100;4,4229994;100
1002;100;4,3890004;100
3546;100;4,401098;91
2724;100;4,5799985;100
2973;100;4,572;100
3635;100;4,421978;91
2047;100;4,334;100
3767;100;4,4428573;7
2433;100;4,392;100
1915;100;4,329999;100
2492;100;4,497999;100
1244;100;4,2079997;100
1128;100;4,300001;100
2764;100;4,4890013;100
2549;100;4,601999;100
1783;100;4,351;100
3503;100;4,38;95
43;100;4,162999;100
2986;100;4,513999;100
2228;100;4,2960005;100
1392;100;4,2879996;100
1577;100;4,34;100
3250;100;4,3739996;100
783;100;4,403;100
1442;100;4,2749987;100
710;100;4,4319997;100
2021;100;4,2819996;100
842;100;4,3349996;100
3514;100;4,43587;92
418;100;4,393001;100
25;100;4,1329994;100
974;100;4,501001;100
886;100;4,4319987;100
3089;100;4,49;100
3778;100;4,1666665;3
1047;100;4,3690004;100
289;100;4,502001;100
1614;100;4,327;100
3309;100;4,428001;100
2011;100;4,2559996;100
1936;100;4,3480005;100
1651;100;4,3059993;100
3731;100;4,3428574;35
1646;100;4,2819996;100
1922;100;4,2920003;100
2887;100;4,49;100
1360;100;4,2420006;100
1602;100;4,2179995;100
1387;100;4,2599993;100
3282;100;4,383;100
3467;100;4,3430004;100
302;100;4,2980013;100
2083;100;4,306999;100
3141;100;4,6070004;100
1725;100;4,371;100
1476;100;4,329;100
321;100;4,364;100
2174;100;4,2549996;100
566;100;4,3380013;100
1367;100;4,2609997;100
2517;100;4,4759994;100
2401;100;4,346001;100
2068;100;4,3019996;100
2826;100;4,374;100
1530;100;4,2659993;100
1968;100;4,2850003;100
2820;100;4,329999;100
437;100;4,3889995;100
1804;100;4,4519997;100
2137;100;4,3129997;100
38;100;4,19;100
1905;100;4,362001;100
1519;100;4,3069997;100
1266;100;4,3629994;100
1704;100;4,223999;100
2532;100;4,512001;100
2406;100;4,4309993;100
1229;100;4,346;100
1624;100;4,2860003;100
1483;100;4,261998;100
3598;100;4,389012;91
26;100;4,2109995;100
1255;100;4,2869997;100
3689;100;4,383783;74
2870;100;4,4339995;100
1888;100;4,4539995;100
652;100;4,387;100
2958;100;4,507;100
258;100;4,387001;100
2655;100;4,5709996;100
390;100;4,361;100
1629;100;4,265001;100
3249;100;4,4939995;100
53;100;4,2300005;100
1056;100;4,4800005;100
1410;100;4,271;100
725;100;4,3769994;100
3205;100;4,488998;100
3443;100;4,424;100
3264;100;4,432;100
1288;100;4,307999;100
3222;100;4,536999;100
15;100;4,2619996;100
1710;100;4,292999;100
2604;100;4,518999;100
2329;100;4,376;100
2917;100;4,594;100
3196;100;4,557999;100
3030;100;4,4740005;100
571;100;4,311;100
3426;100;4,399001;100
1793;100;4,398;100
1431;100;4,2730002;100
3645;100;4,4288893;90
2736;100;4,4740005;100
2815;100;4,463;100
1986;100;4,2300005;100
2040;100;4,3150005;100
3276;100;4,423001;100
185;100;4,367;100
2699;100;4,486;100
1761;100;4,406999;100
3132;100;4,4990005;100
1661;100;4,365;100
1299;100;4,3339987;100
3117;100;4,532;100
2668;100;4,524999;100
720;100;4,39;100
2340;100;4,350001;100
786;100;4,4730005;100
3047;100;4,4939995;100
3690;100;4,410811;74
3343;100;4,525;100
2270;100;4,3030005;100
2756;100;4,4919996;100
373;100;4,396002;100
3496;100;4,4268045;97
505;100;4,2730007;100
1872;100;4,4309998;100
3575;100;4,3967032;91
3062;100;4,4919987;100
111;100;4,2780004;100
2709;100;4,516999;100
1908;100;4,3729997;100
2502;100;4,423999;100
3618;100;4,462637;91
1331;100;4,269999;100
2445;100;4,434999;100
1861;100;4,321999;100
1265;100;4,3719997;100
2218;100;4,33;100
588;100;4,3110013;100
1324;100;4,280999;100
3613;100;4,3868127;91
3149;100;4,522;100
3654;100;4,476665;90
620;100;4,355999;100
839;100;4,439;100
1512;100;4,2420006;100
2275;100;4,352001;100
918;100;4,4170003;100
703;100;4,4129996;100
752;100;4,2879996;100
3486;100;4,385715;98
803;100;4,3039994;100
126;100;4,3170013;100
345;100;4,3840003;100
3777;100;4,2666664;3
2683;100;4,5770006;100
3126;100;4,5419993;100
1827;100;4,3209987;100
3543;100;4,4318686;91
1314;100;4,194;100
1280;100;4,2530003;100
3411;100;4,433;100
2186;100;4,2570004;100
1578;100;4,2309995;100
1456;100;4,279;100
3281;100;4,410001;100
3750;100;4,2357144;14
2563;100;4,58;100
3090;100;4,4479995;100
2489;100;4,5200005;100
1833;100;4,3609996;100
2898;100;4,4090004;100
935;100;4,5169997;100
358;100;4,329001;100
1192;100;4,362001;100
3745;100;4,3;15
1993;100;4,246001;100
3354;100;4,37;100
3804;100;4,8;1
2467;100;4,436;100
2127;100;4,25;100
197;100;4,3130007;100
1463;100;4,3459992;100
1060;100;4,36;100
1133;100;4,3589993;100
3044;100;4,4239993;100
950;100;4,44;100
2746;100;4,534999;100
2572;100;4,549999;100
3714;100;4,3942313;52
2357;100;4,3929996;100
543;100;4,279;100
461;100;4,289001;100
158;100;4,321001;100
2704;100;4,691;100
1546;100;4,320001;100
2421;100;4,4240007;100
1923;100;4,261999;100
818;100;4,342;100
2692;100;4,5280004;100
903;100;4,4149995;100
560;100;4,3369994;100
3100;100;4,4679995;100
1801;100;4,4580007;100
2714;100;4,536999;100
3518;100;4,401087;92
639;100;4,3640003;100
854;100;4,372;100
1893;100;4,4069996;100
3464;100;4,379999;100
1380;100;4,164;100
3375;100;4,440001;100
3386;100;4,4489994;100
2858;100;4,4929996;100
2170;100;4,2920003;100
2404;100;4,329;100
3639;100;4,457142;91
1088;100;4,435;100
1515;100;4,332;100
190;100;4,419;100
21;100;4,1540008;100
1148;100;4,336;100
1248;100;4,3209996;100
2050;100;4,2169995;100
2553;100;4,5200005;100
1320;100;4,362;100
1705;100;4,408999;100
422;100;4,3820004;100
871;100;4,408999;100
1891;100;4,321998;100
2768;100;4,4989986;100
1480;100;4,322;100
47;100;4,255;100
1610;100;4,264999;100
970;100;4,436;100
94;100;4,286001;100
2374;100;4,3349996;100
607;100;4,3679996;100
1348;100;4,2479997;100
1573;100;4,2599998;100
1014;100;4,391;100
3217;100;4,489;100
285;100;4,4809995;100
771;100;4,4319997;100
1742;100;4,324;100
1399;100;4,2720003;100
882;100;4,3980002;100
3085;100;4,521999;100
417;100;4,3859997;100
1116;100;4,3209996;100
2636;100;4,4809995;100
2930;100;4,561999;100
326;100;4,335001;100
3471;100;4,433;100
3313;100;4,4169993;100
3658;100;4,4322224;90
1932;100;4,3099995;100
153;100;4,289;100
1569;100;4,2520003;100
3735;100;4,480952;21
3015;100;4,411001;100
2521;100;4,474999;100
2731;100;4,565;100
229;100;4,425;100
2159;100;4,3069997;100
2025;100;4,2469997;100
1642;100;4,3430004;100
3709;100;4,359322;59
290;100;4,476001;100
1774;100;4,2910004;100
449;100;4,339;100
2302;100;4,3179994;100
1816;100;4,344;100
1495;100;4,3069997;100
58;100;4,2479997;100
2990;100;4,55;100
317;100;4,3279996;100
1363;100;4,259001;100
1964;100;4,322;100
3181;100;4,5369997;100
3603;100;4,4538465;91
3558;100;4,431867;91
79;100;4,401;100
1876;100;4,467;100
1779;100;4,443;100
2853;100;4,437;100
3232;100;4,452;100
2389;100;4,3700013;100
2534;100;4,5129995;100
1101;100;4,3760004;100
262;100;4,396;100
1233;100;4,286001;100
3269;100;4,4259996;100
3259;100;4,4429994;100
1848;100;4,381999;100
30;100;4,059;100
2830;100;4,4799995;100
3789;101;4,3;2
2457;100;4,390001;100
2008;100;4,247;100
2179;100;4,203999;100
2223;100;4,3019996;100
217;100;4,346001;100
1490;100;4,309999;100
2951;100;4,445999;100
2238;100;4,2839994;100
1416;100;4,248999;100
476;100;4,291;100
925;100;4,421999;100
3323;100;4,332;100
2617;100;4,569999;100
1947;100;4,316;100
493;100;4,397;100
165;100;4,35;100
1466;100;4,3310003;100
3525;100;4,405435;92
3432;100;4,4490004;100
1303;100;4,3079996;100
757;100;4,3540006;100
1665;100;4,3009996;100
2795;100;4,377;100
2325;100;4,341;100
1715;100;4,2879996;100
2028;100;4,1849995;100
3200;100;4,4929996;100
790;100;4,47;100
2106;100;4,3130007;100
3076;100;4,5769987;100
1812;100;4,3320007;100
180;100;4,331001;100
1451;100;4,264999;100
2091;100;4,2660003;100
592;100;4,3440003;100
3394;100;4,410001;100
1374;100;4,1900005;100
2997;100;4,521;100
444;100;4,3389997;100
3725;100;4,4425;40
1912;100;4,3149996;100
3296;100;4,398001;100
2783;100;4,5280004;100
1041;100;4,3279996;100
1110;100;4,3619995;100
2894;100;4,4049997;100
1633;100;4,365999;100
322;100;4,4700003;100
2470;100;4,498001;100
3671;100;4,292045;88
377;100;4,4530005;100
2260;100;4,273001;100
3164;100;4,5879993;100
2651;100;4,484;100
1419;100;4,2840004;100
3454;100;4,4249983;100
2452;100;4,413;100
2237;100;4,2850003;100
624;100;4,4260006;100
1335;100;4,2319994;100
212;100;4,277;100
3528;100;4,433696;92
647;100;4,3449993;100
3474;100;4,414;100
3703;100;4,363934;61
254;100;4,383;100
2881;100;4,5040007;100
1683;100;4,3889995;100
486;100;4,4289994;100
1137;100;4,334;100
835;100;4,4509997;100
1859;100;4,4690013;100
3439;100;4,407999;100
3526;100;4,3380437;92
1865;100;4,309999;100
2123;100;4,2959995;100
107;100;4,265;100
239;100;4,336;100
1829;100;4,4259996;100
3622;100;4,4219785;91
2926;100;4,473;100
1979;100;4,277999;100
122;100;4,318001;100
515;100;4,445;100
1152;100;4,365;100
938;100;4,4089985;100
2292;100;4,3099995;100
1384;100;4,1729994;100
1021;100;4,3900013;100
349;100;4,3380003;100
3358;100;4,408;100
575;100;4,343;100
2255;100;4,2649994;100
3570;100;4,3890114;91
1678;100;4,2749987;100
2541;100;4,553;100
2035;100;4,261;100
1961;100;4,2289996;100
2556;100;4,6169996;100
3291;100;4,4309998;100
807;100;4,439;100
85;100;4,2200003;100
3301;100;4,3710003;100
3094;100;4,453;100
1582;100;4,373;100
354;100;4,4080005;100
2336;100;4,3990006;100
967;100;4,3910003;100
2778;100;4,4489994;100
3153;100;4,4800014;100
1184;100;4,3329997;100
1284;100;4,2660003;100
2074;100;4,3570004;100
1052;100;4,3979993;100
3772;100;4,3166666;6
822;100;4,3459997;100
2018;100;4,2399993;100
906;100;4,4649982;100
481;100;4,4270005;100
3390;100;4,346;100
603;100;4,3199997;100
2509;100;4,4379997;100
982;100;4,4080005;100
767;100;4,380999;100
2965;100;4,49;100
148;100;4,259;100
1844;100;4,385;100
2059;100;4,281;100
1170;100;4,407999;100
398;100;4,2739997;100
688;100;4,4190006;100
2368;100;4,4540005;100
2438;100;4,365;100
3538;100;4,4450555;91
1929;100;4,3349986;100
3069;100;4,516999;100
1378;100;4,277;100
281;100;4,5199995;100
2619;100;4,517999;100
2834;100;4,4370008;100
3190;100;4,625999;100
3740;100;4,2166667;18
2282;100;4,3850007;100
2862;100;4,4130006;100
1216;100;4,3300004;100
62;100;4,2079997;100
635;100;4,402;100
1897;100;4,4460006;100
878;100;4,479;100
693;100;4,4119997;100
2191;100;4,3349996;100
3422;100;4,4;100
735;100;4,406;100
222;100;4,3210006;100
3713;100;4,396226;53
1448;100;4,3049994;100
2484;100;4,4209995;100
294;100;4,338;100
957;100;4,2500005;100
3506;100;4,3989472;95
3686;100;4,3194804;77
867;100;4,384;100
1887;100;4,2979994;100
3809;101;4,7;1
2524;100;4,470999;100
1797;100;4,384001;100
1073;100;4,337;100
3037;100;4,4550004;100
2531;100;4,501;100
454;100;4,367001;100
1120;100;4,332;100
133;100;4,3130016;100
1623;100;4,258999;100
2425;100;4,4399996;100
775;100;4,5080004;100
2372;100;4,267;100
2980;100;4,454999;100
1395;100;4,305;100
2773;100;4,5199995;100
3158;100;4,543999;100
397;100;4,4189997;100
1527;100;4,266999;100
3677;100;4,4135804;81
2138;100;4,308;100
90;100;4,2070003;100
1352;100;4,2419996;100
134;100;4,299;100
661;100;4,389;100
3362;100;4,4140015;100
2003;100;4,2360005;100
999;100;4,387999;100
3757;100;4,3125;8
3244;100;4,4740005;100
2810;100;4,43;100
2243;100;4,277001;100
412;100;4,3910003;100
1346;100;4,301;100
989;100;4,347;100
2800;100;4,5159993;100
2287;100;4,254999;100
2640;100;4,4519997;100
3328;100;4,3520007;100
1434;100;4,3169994;100
117;100;4,3610005;100
2104;100;4,2579994;100
2751;100;4,544998;100
244;100;4,5099998;100
1406;100;4,3289995;100
3227;100;4,5430007;100
1944;100;4,3180013;100
429;100;4,444;100
1202;100;4,3669996;100
2805;100;4,42;100
2966;100;4,5899987;100
2;100;3,7440014;100
1601;100;4,308;100
3589;100;4,4395604;91
1105;100;4,3269997;100
1698;100;4,227999;100
1243;100;4,3479986;100
266;100;4,4109993;100
3560;100;4,367032;91
850;100;4,3580003;100
3607;100;4,3879128;91
3212;100;4,5879993;100
2393;100;4,405999;100
2155;100;4,297001;100
1522;100;4,273999;100
508;100;4,3089995;100
528;100;4,3280005;100
313;100;4,2720003;100
75;100;4,238001;100
3493;100;4,4438767;98
2719;100;4,5669994;100
3407;100;4,415;100
2206;100;4,2760005;100
1697;100;4,4740005;100
3185;100;4,508;100
207;100;4,3180003;100
2587;100;4,621999;100
2983;100;4,4400005;100
2885;100;4,363999;100
1976;100;4,3150005;100
3511;100;4,343011;93
1565;100;4,347;100
2763;100;4,474999;100
3379;100;4,408;100
1864;100;4,3260007;100
3436;100;4,416;100
2955;100;4,4009995;100
308;100;4,412;100
1652;100;4,329999;100
1075;100;4,4029994;100
1605;100;4,2529993;100
2923;100;4,4630003;100
3152;100;4,561;100
2012;100;4,3069997;100
3098;100;4,4729996;100
3583;100;4,42088;91
293;100;4,38;100
3230;100;4,4779997;100
3012;100;4,488;100
1207;100;4,316999;100
234;100;4,4819994;100
453;100;4,268;100
7;100;3,9409997;100
921;100;4,431999;100
249;100;4,3589997;100
61;100;4,233001;100
381;100;4,443;100
3451;100;4,418999;100
3504;100;4,376842;95
3460;100;4,394;100
118;100;4,3030005;100
513;100;4,3210006;100
943;100;4,411;100
440;100;4,3960004;100
3592;100;4,3604403;91
2911;100;4,4379992;100
3302;100;4,369;100
2205;100;4,262999;100
3304;100;4,3120003;100
679;100;4,336999;100
2474;100;4,507;100
271;100;4,380001;100
530;100;4,327;100
3568;100;4,431868;91
1692;100;4,387;100
2575;100;4,448;100
1439;100;4,2799993;100
3721;100;4,404348;46
662;100;4,4030004;100
547;100;4,3710003;100
794;100;4,4410005;100
3170;100;4,5949993;100
3266;100;4,472999;100
2647;100;4,503;100
926;100;4,4479995;100
86;100;4,1870003;100
1307;100;4,319;100
202;100;4,4110007;100
3532;100;4,373914;92
1200;100;4,3009996;100
3636;100;4,3824177;91
2365;100;4,4259996;100
2165;100;4,3459997;100
1154;100;4,362;100
762;100;4,413;100
3187;100;4,515999;100
2119;100;4,356999;100
811;100;4,393999;100
1339;100;4,2669992;100
382;100;4,462;100
2048;100;4,2969985;100
3319;100;4,43;100
1471;100;4,3549995;100
1916;100;4,308999;100
1709;100;4,406999;100
2094;100;4,316;100
1784;100;4,41;100
2738;100;4,612001;100
221;100;4,416001;100
367;100;4,2990007;100
1312;100;4,242;100
535;100;4,3680005;100
3768;100;4,0499997;6
2233;100;4,2460003;100
2297;100;4,3209996;100
2308;100;4,3369994;100
3055;100;4,5649986;100
2642;100;4,5389996;100
103;100;4,243;100
2084;100;4,3269997;100
1068;100;4,355999;100
1737;100;4,396999;100
2497;100;4,403;100
2622;100;4,551999;100
2791;100;4,498999;100
2661;100;4,6079993;100
1769;100;4,317002;100
2906;100;4,478999;100
715;100;4,4119997;100
1869;100;4,3369994;100
2383;100;4,285;100
2062;100;4,3599987;100
3551;100;4,4197803;91
2774;100;4,4719987;100
2001;100;4,229;100
1637;100;4,3170004;100
3419;100;4,4430003;100
3796;100;4,3;2
1048;100;4,406;100
1731;100;4,345999;100
799;100;4,3180003;100
3038;100;4,451999;100
1058;100;4,303;100
3680;100;4,360494;81
1164;100;4,307999;100
1275;100;4,310001;100
2442;100;4,491;100
2674;100;4,498999;100
2590;100;4,4910007;100
335;100;4,4110003;100
3736;100;4,278947;19
2706;100;4,5269995;100
2265;100;4,3710003;100
2410;100;4,345;100
1388;100;4,1769996;100
1901;100;4,41;100
1724;100;4,3039994;100
911;100;4,333999;100
3262;100;4,444;100
958;100;4,3200006;100
1224;100;4,349001;100
895;100;4,472998;100
747;100;4,3789997;100
1092;100;4,3269987;100
2602;100;4,5809994;100
2429;100;4,435;100
3712;100;4,4425926;54
2734;100;4,562999;100
826;100;4,397999;100
1344;100;4,241;100
2561;100;4,6409993;100
2806;100;4,4849997;100
2250;100;4,3789997;100
1022;100;4,338;100
3604;100;4,442858;91
779;100;4,4569993;100
1043;100;4,361999;100
953;100;4,4610004;100
2542;100;4,5139995;100
1520;100;4,296999;100
2597;100;4,4639997;100
1356;100;4,268999;100
1581;100;4,265;100
2278;100;4,2860007;100
1256;100;4,338;100
303;100;4,318;100
261;100;4,476;100
1124;100;4,3430004;100
863;100;4,3940005;100
350;100;4,3289995;100
1571;100;4,251999;100
1175;100;4,4130006;100
29;100;4,055001;100
1677;100;4,2799997;100
2134;100;4,2929993;100
39;100;4,1879997;100
1218;100;4,3330007;100
599;100;4,376;100
2148;100;4,255;100
161;100;4,2940006;100
3023;100;4,456001;100
1503;100;4,3330007;100
1752;100;4,3599997;100
821;100;4,3680005;100
562;100;4,3330007;100
1667;100;4,3070006;100
393;100;4,3150005;100
1488;100;4,372999;100
3611;100;4,3461523;91
298;100;4,274;100
71;100;4,2640014;100
3743;100;4,2799997;15
2970;100;4,5179996;100
3753;100;4,263636;11
425;100;4,348001;100
3240;100;4,5219984;100
3070;100;4,4809995;100
3234;100;4,509;100
193;100;4,441;100
408;100;4,3929996;100
694;100;4,437;100
3372;100;4,415;100
631;100;4,3889995;100
2938;100;4,590999;100
2607;100;4,4230003;100
3155;100;4,4820004;100
430;100;4,429999;100
3135;100;4,517001;100
1825;100;4,4109993;100
276;100;4,351001;100
789;100;4,4289994;100
22;100;4,1619997;100
1620;100;4,2660003;100
2151;100;4,269;100
1371;100;4,290001;100
138;100;4,3150005;100
2033;100;4,2159996;100
166;100;4,3330007;100
2987;100;4,465;100
816;100;4,3580003;100
2133;100;4,344001;100
2891;100;4,449999;100
2415;100;4,369001;100
3251;100;4,498999;100
730;100;4,456;100
2529;100;4,4779987;100
3665;100;4,4011235;89
3208;100;4,5119996;100
2397;100;4,442;100
34;100;4,264;100
3515;100;4,370652;92
3683;100;4,3653855;78
3340;100;4,4879994;100
3779;100;4,1;3
1239;100;4,3139997;100
2016;100;4,317;100
3472;100;4,4419994;100
3287;100;4,3830004;100
1884;100;4,4110003;100
1561;100;4,2639995;100
3283;100;4,4399996;100
2959;100;4,474999;100
93;100;4,3050017;100
1424;100;4,2359986;100
3308;100;4,4010005;100
917;100;4,460999;100
3272;100;4,386001;100
468;100;4,2680006;100
3167;100;4,507;100
2446;100;4,4249997;100
3192;100;4,5019994;100
2465;100;4,4040008;100
1939;100;4,269;100
230;100;4,416;100
848;100;4,3069997;100
2759;100;4,476;100
567;100;4,419;100
485;100;4,4060006;100
2874;100;4,4309993;100
1033;100;4,392;100
253;100;4,4189987;100
1838;100;4,4969993;100
3270;100;4,4919996;100
1603;100;4,3349986;100
3619;100;4,4208803;91
198;100;4,3279996;100
362;100;4,4230003;100
1366;100;4,253;100
2629;100;4,5529995;100
66;100;4,18;100
2671;100;4,4979997;100
1921;100;4,336;100
626;100;4,3189993;100
2434;100;4,3450003;100
2478;100;4,4410005;100
3404;100;4,454999;100
1969;100;4,272;100
3091;100;4,541;100
2566;100;4,5969996;100
3199;100;4,487;100
880;100;4,406999;100
853;100;4,4179997;100
2664;100;4,498999;100
1556;100;4,3179994;100
2333;100;4,317;100
2827;100;4,3569994;100
436;100;4,446;100
3315;100;4,390001;100
2821;100;4,441;100
3298;100;4,3460016;100
3138;100;4,5080004;100
3500;100;4,3260417;96
3066;100;4,440999;100
3751;100;4,384615;13
3350;100;4,422;100
3557;100;4,4714284;91
98;100;4,342;100
3579;100;4,35934;91
330;100;4,3610005;100
1179;100;4,314;100
2873;100;4,4430003;100
1952;100;4,2529984;100
1889;100;4,3329988;100
1297;100;4,258999;100
3719;100;4,3375006;48
666;100;4,312999;100
3601;100;4,4703293;91
1688;100;4,3909993;100
1458;100;4,3120003;100
2069;100;4,2479997;100
1820;100;4,3739986;100
1625;100;4,3230014;100
584;100;4,435;100
2201;100;4,2680016;100
2610;100;4,5039997;100
523;100;4,317001;100
831;100;4,308999;100
890;100;4,44;100
2180;100;4,2869997;100
3547;100;4,4879117;91
3145;100;4,4400005;100
1160;100;4,353;100
462;100;4,2689996;100
3536;100;4,358242;91
1837;100;4,3169994;100
1788;100;4,314;100
2182;100;4,2490005;100
494;100;4,372001;100
1211;100;4,296001;100
1657;100;4,3389997;100
1080;100;4,3690004;100
1028;100;4,3769994;100
2328;100;4,395999;100
2214;100;4,2560005;100
758;100;4,370001;100
3029;100;4,431001;100
3051;100;4,4409995;100
2346;100;4,3359995;100
683;100;4,3710003;100
1196;100;4,400001;100
2212;100;4,304;100
1408;100;4,2199993;100
2548;100;4,549;100
2345;100;4,3559995;100
2314;100;4,3380013;100
3764;100;4,3142858;7
552;100;4,3189983;100
1129;100;4,3209987;100
2493;100;4,394;100
3728;100;4,2846155;39
1282;100;4,4119987;100
2742;100;4,5439997;100
1635;100;4,2540007;100
1393;100;4,1979995;100
3668;100;4,442697;89
2229;100;4,201999;100
3648;100;4,373334;90
2113;100;4,245999;100
1292;100;4,2749996;100
711;100;4,3650002;100
457;100;4,3230004;100
3034;100;4,484999;100
3409;100;4,3440013;100
1741;100;4,445;100
1911;100;4,331999;100
843;100;4,383;100
325;100;4,372;100
1574;100;4,3030014;100
3800;101;4,4;1
975;100;4,3869996;100
3596;100;4,3978024;91
2770;100;4,4579997;100
3446;100;4,515;100
1013;100;4,396;100
2654;100;4,549;100
286;100;4,485999;100
225;100;4,336;100
1107;100;4,3729997;100
1403;100;4,2229996;100
3732;100;4,368749;32
1361;100;4,2579994;100
2246;100;4,295999;100
1351;100;4,237;100
1937;100;4,288;100
520;100;4,32;100
3106;100;4,529;100
3468;100;4,3830004;100
3700;100;4,3499994;68
1593;100;4,3139997;100
743;100;4,3619995;100
2301;100;4,3119993;100
3785;99;4,3500004;2
579;100;4,406999;100
698;100;4,4290004;100
1090;100;4,336;100
2499;100;4,4520006;100
3783;101;4,25;2
3616;100;4,356045;91
1235;100;4,301;100
1542;100;4,3120003;100
1984;100;4,307999;100
875;100;4,473999;100
2158;100;4,271;100
2841;100;4,416;100
1144;100;4,421;100
2116;100;4,342;100
3483;100;4,385858;99
1763;100;4,291;100
2516;100;4,5159993;100
3255;100;4,4199996;100
2101;100;4,345999;100
3414;100;4,433001;100
1271;100;4,26;100
1852;100;4,3379993;100
1773;100;4,3529997;100
1260;100;4,291;100
3123;100;4,6040006;100
2947;100;4,5060005;100
2991;100;4,453;100
318;100;4,3519998;100
2378;100;4,2480006;100
651;100;4,368;100
949;100;4,391;100
2802;100;4,435001;100
1535;100;4,265;100
1795;100;4,3609996;100
1018;100;4,4279995;100
1954;100;4,241;100
2686;100;4,5399995;100
1805;100;4,3289995;100
157;100;4,321001;100
616;100;4,2869987;100
2896;100;4,587998;100
2842;100;4,396;100
1329;100;4,3519993;100
2360;100;4,310001;100
1376;100;4,2539997;100
2974;100;4,4830003;100
1122;100;4,271;100
2578;100;4,491999;100
3382;100;4,3719997;100
1065;100;4,3749995;100
1112;100;4,279;100
2710;100;4,5049987;100
1971;100;4,2839994;100
1228;100;4,290999;100
3219;100;4,5379987;100
1857;100;4,329;100
726;100;4,331998;100
981;100;4,3319993;100
404;100;4,2780004;100
2693;100;4,4929986;100
1499;100;4,313;100
10;100;4,126;100
1588;100;4,3319993;100
2695;100;4,5559998;100
1426;100;4,2219987;100
1097;100;4,3279996;100
189;100;4,422001;100
2510;100;4,508999;100
3103;100;4,518;100
1673;100;4,320001;100
3705;100;4,3622947;61
1541;100;4,269999;100
1007;100;4,3629994;100
3519;100;4,3586955;92
389;100;4,328001;100
1879;100;4,4179983;100
3387;100;4,389;100
2727;100;4,637;100
2632;100;4,587999;100
54;100;4,1989994;100
1139;100;4,2730007;100
2725;100;4,6070004;100
1720;100;4,4100003;100
357;100;4,351;100
2859;100;4,353999;100
2538;100;4,5249987;100
3633;100;4,3604393;91
170;100;4,335002;100
3120;100;4,492;100
3747;100;4,4666667;15
3079;100;4,4689994;100
594;100;4,4799995;100
3651;100;4,4322233;90
142;100;4,3990006;100
870;100;4,398999;100
3238;100;4,4930005;100
611;100;4,3269997;100
1756;100;4,3690004;100
784;100;4,418;100
2639;100;4,6109986;100
421;100;4,310001;100
1119;100;4,3149996;100
2269;100;4,268;100
3441;100;4,3760004;100
3206;100;4,6049995;100
500;100;4,3209996;100
3002;100;4,4599996;100
990;100;4,353999;100
3061;100;4,4629993;100
3177;100;4,5339985;100
3088;100;4,498001;100
3019;100;4,564;100
858;100;4,432999;100
1398;100;4,254999;100
110;100;4,223;100
329;100;4,2840014;100
1568;100;4,335999;100
472;100;4,277;100
257;100;4,459;100
2461;100;4,3479996;100
1494;100;4,326;100
2799;100;4,517;100
1684;100;4,2799997;100
885;100;4,4170003;100
1330;100;4,2019997;100
1161;100;4,37;100
3776;100;4,875;4
3142;100;4,5169997;100
3312;100;4,3599997;100
2878;100;4,477999;100
1029;100;4,3590007;100
1083;100;4,374999;100
2024;100;4,3170004;100
3327;100;4,4219995;100
3144;100;4,5399995;100
489;100;4,3519998;100
1362;100;4,3259997;100
125;100;4,376;100
1965;100;4,277;100
1943;100;4,2589993;100
226;100;4,3470006;100
1660;100;4,258999;100
3001;100;4,4819994;100
2324;100;4,3070006;100
3180;100;4,5399995;100
340;100;4,3239994;100
1293;100;4,2979994;100
934;100;4,4479985;100
78;100;4,3870006;100
3623;100;4,3923073;91
3408;100;4,387;100
555;100;4,288;100
754;100;4,3809986;100
2562;100;4,509;100
3211;100;4,486;100
2831;100;4,420999;100
1183;100;4,314;100
3095;100;4,4560003;100
1740;100;4,3690004;100
194;100;4,397001;100
1462;100;4,267;100
538;100;4,343;100
3715;100;4,4137254;51
670;100;4,4180007;100
3729;100;4,3405404;37
2869;100;4,448;100
3597;100;4,3967032;91
902;100;4,3320003;100
687;100;4,4010005;100
2420;100;4,379999;100
1076;100;4,2870007;100
477;100;4,375999;100
1425;100;4,3120003;100
3442;100;4,3939996;100
2313;100;4,321999;100
3011;100;4,427999;100
2456;100;4,4079995;100
2081;100;4,2829995;100
643;100;4,367;100
1415;100;4,306001;100
2054;100;4,1849995;100
2197;100;4,2900004;100
2241;100;4,319;100
527;100;4,352999;100
1843;100;4,378;100
638;100;4,354999;100
1585;100;4,2869987;100
1701;100;4,3269997;100
490;100;4,346001;100
2614;100;4,6199994;100
3033;100;4,5139995;100
1938;100;4,2920003;100
1811;100;4,325999;100
1792;100;4,3799996;100
2173;100;4,2560005;100
3429;100;4,477;100
1215;100;4,2339997;100
3195;100;4,4930005;100
2350;100;4,327;100
2109;100;4,3190007;100
2039;100;4,201;100
1447;100;4,2959986;100
2552;100;4,566;100
1017;100;4,369;100
1208;100;4,327999;100
591;100;4,4479995;100
3672;100;4,442529;87
2086;100;4,306;100
3724;100;4,4195123;41
3644;100;4,422223;90
2667;100;4,5759997;100
1890;100;4,2759995;100
3556;100;4,3714285;91
1645;100;4,2779994;100
1613;100;4,3529997;100
2979;100;4,526;100
2473;100;4,447999;100
2650;100;4,365;100
680;100;4,316001;100
1040;100;4,351;100
971;100;4,355;100
2318;100;4,2739997;100
3295;100;4,418;100
1156;100;4,3379993;100
548;100;4,456;100
1745;100;4,392;100
3574;100;4,3560433;91
213;100;4,302;100
707;100;4,3089995;100
2782;100;4,461999;100
97;100;4,2660017;100
1420;100;4,3020005;100
623;100;4,4279995;100
838;100;4,4359994;100
3243;100;4,514999;100
3704;100;4,265574;61
1826;100;4,425;100
2969;100;4,5130005;100
1325;100;4,3349996;100
2286;100;4,3850007;100
2505;100;4,4800005;100
394;100;4,303001;100
1115;100;4,449;100
648;100;4,359001;100
1777;100;4,273999;100
1264;100;4,283998;100
998;100;4,354;100
3612;100;4,397802;91
3657;100;4,3377776;90
2451;100;4,3680005;100
2933;100;4,5349994;100
3487;100;4,4724493;98
2126;100;4,3249984;100
3655;100;4,521112;90
1589;100;4,2409987;100
1100;100;4,3409996;100
986;100;4,307999;100
702;100;4,389999;100
516;100;4,417001;100
1151;100;4,4179993;100
1479;100;4,339999;100
1250;100;4,339999;100
2520;100;4,474001;100
2537;100;4,574999;100
1298;100;4,2609987;100
3127;100;4,581;100
2682;100;4,4750004;100
3542;100;4,403297;91
1452;100;4,307999;100
739;100;4,3479986;100
2305;100;4,3550014;100
3788;100;4,5;2
1531;100;4,3729997;100
1540;100;4,237999;100
2837;100;4,4230022;100
1457;100;4,252999;100
1383;100;4,236;100
2488;100;4,388;100
2846;100;4,3409996;100
2599;100;4,483;100
3060;100;4,483;100
1267;100;4,25;100
3355;100;4,4159994;100
2154;100;4,2429996;100
2901;100;4,466;100
2388;100;4,3880005;100
1832;100;4,3729997;100
1232;100;4,3209996;100
1132;100;4,2819996;100
655;100;4,3980002;100
3744;100;4,38;15
3771;100;4,3;6
1669;100;4,2810006;100
1975;100;4,3469996;100
1553;100;4,2760005;100
2852;100;4,450001;100
2244;100;4,3030005;100
2356;100;4,3499985;100
1193;100;4,3089995;100
1933;100;4,3519993;100
2582;100;4,5299993;100
2466;100;4,415999;100
1061;100;4,4260006;100
1051;100;4,4539995;100
458;100;4,287999;100
985;100;4,357999;100
174;100;4,2960005;100
912;100;4,418;100
2506;100;4,4939995;100
3391;100;4,3259997;100
3223;100;4,4979997;100
3541;100;4,4373627;91
2007;100;4,322;100
2498;100;4,412;100
722;100;4,440999;100
2567;100;4,6209974;100
1800;100;4,3729997;100
14;100;4,163;100
1948;100;4,279;100
130;100;4,427;100
1985;100;4,378999;100
1003;100;4,345998;100
1853;100;4,349;100
2814;100;4,3930006;100
3629;100;4,39011;91
1875;100;4,414999;100
3116;100;4,458;100
3761;100;4,525;8
570;100;4,3870006;100
1430;100;4,349999;100
3248;100;4,469999;100
3410;100;4,4100003;100
2863;100;4,4290013;100
2767;100;4,5339994;100
3693;100;4,4028163;71
2053;100;4,2930007;100
2483;100;4,389999;100
1600;100;4,3880005;100
2698;100;4,530999;100
1247;100;4,304;100
1716;100;4,34;100
3334;100;4,3190002;100
3065;100;4,4930005;100
1721;100;4,362999;100
3110;100;4,492999;100
1980;100;4,354;100
42;100;4,134;100
780;100;4,397001;100
3075;100;4,432999;100
3006;100;4,4030013;100
2273;100;4,328;100
3365;100;4,3389993;100
2141;100;4,3650002;100
372;100;4,413;100
2757;100;4,5229993;100
3084;100;4,5380006;100
3163;100;4,522;100
3202;100;4,527999;100
504;100;4,2950006;100
606;100;4,281;100
1760;100;4,315001;100
1394;100;4,204999;100
1628;100;4,3559995;100
2371;100;4,372;100
3216;100;4,511001;100
1526;100;4,322;100
3148;100;4,48;100
3455;100;4,4740005;100
3477;100;4,4111114;99
135;100;4,2339997;100
1334;100;4,2999997;100
3756;100;4,555556;9
2635;100;4,536999;100
2750;100;4,4599996;100
1435;100;4,3659997;100
74;100;4,303001;100
1858;100;4,3679986;100
129;100;4,2699995;100
344;100;4,340001;100
238;100;4,3900003;100
1992;100;4,25;100
2789;100;4,4779987;100
1319;100;4,248999;100
3803;101;4,9;1
106;100;4,2330008;100
245;100;4,427;100
2927;100;4,548;100
1203;100;4,301;100
793;100;4,43;100
3;100;4,298;100
2204;100;4,270002;100
1815;100;4,3559995;100
1087;100;4,3769984;100
939;100;4,475999;100
3226;100;4,569;100
1242;100;4,3650007;100
267;100;4,4609995;100
2703;100;4,52;100
2547;100;4,5030003;100
3564;100;4,436264;91
2762;100;4,5169997;100
634;100;4,325;100
1780;100;4,3;100
3625;100;4,525274;91
361;100;4,482999;100
2209;100;4,2120004;100
806;100;4,371;100
206;100;4,319;100
2044;100;4,203;100
509;100;4,294;100
3280;100;4,4819994;100
3588;100;4,315385;91
3184;100;4,488999;100
312;100;4,3780003;100
1696;100;4,334;100
2884;100;4,319;100
3174;100;4,5309997;100
922;100;4,327;100
542;100;4,3690004;100
1564;100;4,3180003;100
658;100;4,3980007;100
2058;100;4,287999;100
766;100;4,4149985;100
1713;100;4,3649993;100
3307;100;4,4480004;100
3593;100;4,4263735;91
1847;100;4,4479995;100
1055;100;4,3829994;100
2077;100;4,26;100
2749;100;4,484;100
1171;100;4,381001;100
2964;100;4,465;100
1287;100;4,312999;100
3322;100;4,4240007;100
399;100;4,313999;100
1036;100;4,4070005;100
2369;100;4,3880005;100
1467;100;4,3639994;100
559;100;4,3350005;100
1072;100;4,3409986;100
2403;100;4,3739986;100
1188;100;4,32;100
3640;100;4,372527;91
675;100;4,373;100
2916;100;4,526;100
2441;100;4,4300017;100
2409;100;4,379;100
2794;100;4,4100003;100
1664;100;4,2759995;100
2090;100;4,325;100
3191;100;4,559;100
1516;100;4,284;100
2222;100;4,267;100
1027;100;4,3349996;100
3509;100;4,3414893;94
1896;100;4,3709993;100
1168;100;4,32;100
2646;100;4,6129994;100
2190;100;4,305001;100
1617;100;4,3040004;100
3423;100;4,408;100
2996;100;4,447;100
531;100;4,3180003;100
2618;100;4,570999;100
954;100;4,4269986;100
2663;100;4,43;100
1186;100;4,28;100
774;100;4,4450006;100
795;100;4,429001;100
587;100;4,438;100
2339;100;4,336;100
1997;100;4,2510004;100
3676;100;4,3304877;82
2424;100;4,423001;100
2530;100;4,4099994;100
663;100;4,479;100
719;100;4,4079995;100
889;100;4,342;100
1733;100;4,339999;100
927;100;4,4049997;100
2910;100;4,4920006;100
3808;100;5,2;1
2122;100;4,3339996;100
2236;100;4,2939997;100
2145;100;4,215;100
907;100;4,3680005;100
1279;100;4,361;100
1907;100;4,2869997;100
299;100;4,2359996;100
2937;100;4,456999;100
1136;100;4,342;100
2730;100;4,515999;100
1649;100;4,314001;100
413;100;4,309001;100
3661;100;4,3;89
2002;100;4,261;100
966;100;4,371;100
751;100;4,392;100
3708;100;4,2796607;59
1728;100;4,337;100
1511;100;4,273;100
1252;100;4,3009987;100
619;100;4,2659993;100
1765;100;4,365999;100
2414;100;4,367998;100
3131;100;4,495001;100
426;100;4,4200015;100
2678;100;4,6819973;100
2177;100;4,345;100
514;100;4,3300014;100
1147;100;4,3110003;100
1755;100;4,417;100
2293;100;4,408001;100
431;100;4,420001;100
2392;100;4,381;100
2905;100;4,479;100
1681;100;4,266999;100
1699;100;4,306;100
1960;100;4,2769995;100
2557;100;4,5109997;100
1104;100;4,288;100
3359;100;4,392999;100
2254;100;4,249;100
2276;100;4,34;100
2034;100;4,267999;100
2150;100;4,27;100
3043;100;4,5429997;100
2586;100;4,614;100
3258;100;4,4690003;100
2718;100;4,54;100
1220;100;4,37;100
825;100;4,423999;100
3608;100;4,3879128;91
167;100;4,297001;100
3492;100;4,365307;98
1484;100;4,3759995;100
33;100;4,1030006;100
35;100;4,052001;100
1274;100;4,328;100
149;100;4,35;100
3080;100;4,526001;100
2571;100;4,527;100
1748;100;4,3409996;100
2942;100;4,5110006;100
265;100;4,4169993;100
1549;100;4,273;100
1928;100;4,310999;100
46;100;4,2120004;100
857;100;4,3049994;100
3263;100;4,449999;100
162;100;4,3110003;100
746;100;4,3549995;100
3290;100;4,3290005;100
280;100;4,490999;100
65;100;4,2069993;100
2603;100;4,5989995;100
3739;100;4,4684205;19
2029;100;4,362999;100
1302;100;4,35;100
3376;100;4,414;100
1596;100;4,265999;100
3524;100;4,431522;92
2735;100;4,485;100
574;100;4,436;100
3793;101;4,3;2
181;100;4,4500017;100
690;100;4,3889995;100
297;100;4,317;100
3112;100;4,5309987;100
3275;100;4,3869996;100
18;100;4,2009997;100
3687;100;4,3750005;76
3697;100;4,2585716;70
445;100;4,408;100
2895;100;4,4739995;100
1375;100;4,2100005;100
2525;100;4,5759997;100
150;100;4,3269997;100
3397;100;4,485999;100
2377;100;4,3409996;100
1632;100;4,341999;100
376;100;4,4500003;100
734;100;4,377999;100
3344;100;4,415;100
3159;100;4,399001;100
2261;100;4,277;100
602;100;4,3589993;100
585;100;4,4120007;100
3537;100;4,376923;91
1155;100;4,351;100
3373;100;4,4370003;100
820;100;4,3509994;100
563;100;4,476;100
905;100;4,451999;100
976;100;4,303;100
3388;100;4,336;100
3188;100;4,5220003;100
3742;100;4,3277774;18
177;100;4,364001;100
3548;100;4,431868;91
1834;100;4,429999;100
3071;100;4,5079994;100
2728;100;4,546999;100
424;100;4,305;100
2971;100;4,481999;100
1008;100;4,3820014;100
695;100;4,387999;100
3320;100;4,372;100
3769;101;4,2833333;6
192;100;4,3700004;100
1917;100;4,3810015;100
403;100;4,309001;100
3637;100;4,4087915;91
3235;100;4,5429993;100
2049;100;4,262;100
2860;100;4,471001;100
2939;100;4,527001;100
2226;100;4,3180003;100
3505;100;4,4389467;95
733;100;4,4139996;100
1885;100;4,3619995;100
23;100;4,258001;100
1616;100;4,2559996;100
1785;100;4,318999;100
1390;100;4,291999;100
3256;100;4,546999;100
45;100;4,2999988;100
2792;100;4,374;100
3241;100;4,473;100
2790;100;4,539;100
844;100;4,345;100
3520;100;4,4739137;92
1126;100;4,381998;100
2526;100;4,545;100
3610;100;4,406593;91
2658;100;4,544999;100
2850;100;4,354;100
2189;100;4,3269997;100
773;100;4,3789997;100
2982;100;4,499;100
1621;100;4,218;100
3473;100;4,4160004;100
2490;100;4,3930006;100
2394;100;4,418001;100
3087;100;4,471999;100
287;100;4,4750004;100
1753;100;4,353999;100
1653;100;4,2990003;100
3737;100;4,2421055;19
3082;100;4,474001;100
3759;100;4,3375;8
1930;100;4,3799987;100
3284;100;4,4570003;100
3267;100;4,5090003;100
2675;100;4,7199993;100
2017;100;4,2650003;100
2515;100;4,4969993;100
2569;100;4,535;100
1389;100;4,1729994;100
3273;100;4,525;100
744;100;4,3500004;100
876;100;4,4029994;100
827;100;4,4489994;100
578;100;4,4839997;100
712;100;4,399001;100
580;100;4,441999;100
292;100;4,332;100
1536;100;4,2480006;100
2807;100;4,4839993;100
2992;100;4,5529995;100
959;100;4,4739985;100
1404;100;4,1869993;100
60;100;4,317001;100
3459;100;4,4750004;100
119;100;4,245001;100
1796;100;4,392;100
1702;100;4,3990006;100
3591;100;4,4329667;91
2399;100;4,403001;100
2717;100;4,6349993;100
3605;100;4,343955;91
1966;100;4,2749996;100
1521;100;4,3220005;100
3405;100;4,397999;100
2818;100;4,4600005;100
1125;100;4,3869996;100
282;100;4,5590005;100
205;100;4,2350006;100
2696;100;4,555;100
1257;100;4,3580003;100
1227;100;4,2740006;100
546;100;4,3239994;100
1489;100;4,2860003;100
2828;100;4,442999;100
260;100;4,4659996;100
2135;100;4,2619996;100
28;100;4,2249985;100
3600;100;4,4439554;91
2960;100;4,509;100
414;100;4,3039994;100
3214;100;4,5150003;100
642;100;4,336001;100
1429;100;4,255;100
3224;100;4,62;100
2162;100;4,2929997;100
72;100;4,2349997;100
392;100;4,329001;100
1140;100;4,3919997;100
3797;100;4,2;2
1504;100;4,333999;100
13;100;4,207001;100
2194;100;4,2519994;100
1787;100;4,4349995;100
3024;100;4,533;100
1670;100;4,343999;100
446;100;4,441;100
3774;100;4,3599997;5
937;100;4,395999;100
3119;100;4,5220003;100
3752;100;4,391666;12
383;100;4,485;100
55;100;4,187999;100
2221;100;4,3440003;100
573;100;4,384;100
2030;100;4,277999;100
2327;100;4,356;100
1708;100;4,3739996;100
314;100;4,279;100
2294;100;4,305;100
3052;100;4,4690013;100
2892;100;4,5120006;100
3727;100;4,3749995;40
1272;100;4,427;100
2309;100;4,3770003;100
1372;100;4,2909994;100
3078;100;4,384;100
1313;100;4,2739987;100
3647;100;4,4988894;90
612;100;4,367;100
788;100;4,3849993;100
3652;100;4,468888;90
3696;100;4,354286;70
145;100;4,3630004;100
3331;100;4,3550005;100
2739;100;4,4539995;100
3209;100;4,6679997;100
714;100;4,3789988;100
3664;100;4,456181;89
1866;100;4,318999;100
499;100;4,3040004;100
1636;100;4,353999;100
2936;100;4,468;100
3003;100;4,5360003;100
1734;100;4,3649993;100
1059;100;4,314;100
1108;100;4,3910003;100
3341;100;4,3610005;100
3595;100;4,397803;91
1240;100;4,34;100
1998;100;4,2239995;100
1333;100;4,2200003;100
3124;100;4,618999;100
50;100;4,2730002;100
2443;100;4,377001;100
2760;100;4,5669994;100
2754;100;4,5179977;100
3437;100;4,396999;100
3784;100;4,6;2
3488;100;4,433671;98
467;100;4,177;100
2056;100;4,333;100
1093;100;4,366;100
3701;100;4,4089556;67
336;100;4,3400006;100
2707;100;4,538999;100
2167;100;4,3230004;100
1766;100;4,335;100
1091;100;4,3670006;100
237;100;4,3809986;100
3620;100;4,3945045;91
3580;100;4,435164;91
2458;100;4,391;100
1898;100;4,368999;100
920;100;4,3589993;100
2558;100;4,491;100
3642;100;4,4571433;91
805;100;4,3609996;100
182;100;4,3870006;100
2426;100;4,3580003;100
3417;100;4,353999;100
1259;100;4,2469993;100
705;100;4,315001;100
3305;100;4,416;100
3092;100;4,4989996;100
1465;100;4,354999;100
2475;100;4,4440017;100
948;100;4,463;100
3303;100;4,394;100
3569;100;4,3659344;91
1639;100;4,2849994;100
3356;100;4,4449987;100
1225;100;4,2660003;100
2574;100;4,5510006;100
2149;100;4,2279997;100
3720;100;4,4520836;48
2359;100;4,371;100
2320;100;4,335001;100
1357;100;4,313999;100
351;100;4,42;100
3171;100;4,5399995;100
1676;100;4,307001;100
541;100;4,33;100
87;100;4,178;100
3533;100;4,4576087;92
160;100;4,242;100
673;100;4,4330006;100
2511;100;4,49;100
765;100;4,41;100
980;100;4,4179997;100
605;100;4,4540005;100
1195;100;4,306001;100
2347;100;4,37;100
3679;100;4,329629;81
2080;100;4,263001;100
2362;100;4,3869996;100
2312;100;4,341999;100
3102;100;4,512001;100
2522;100;4,5369997;100
188;100;4,281;100
1210;100;4,376001;100
2722;100;4,520999;100
2120;100;4,273;100
3353;100;4,533;100
901;100;4,45;100
407;100;4,3490005;100
2680;100;4,536999;100
173;100;4,3380003;100
832;100;4,445;100
114;100;4,2980013;100
682;100;4,4170003;100
3632;100;4,4362636;91
2539;100;4,6329994;100
1854;100;4,3729997;100
1409;100;4,278;100
1283;100;4,297;100
2479;100;4,520001;100
3252;100;4,4769993;100
220;100;4,3390007;100
2152;100;4,2639995;100
2643;100;4,6309996;100
3156;100;4,4709997;100
2230;100;4,3170004;100
2085;100;4,369;100
275;100;4,337;100
3239;100;4,441;100
2215;100;4,334001;100
2384;100;4,386;100
2625;100;4,487999;100
3765;100;4,1857142;7
2416;100;4,3269997;100
1895;100;4,2909985;100
2494;100;4,46;100
2988;100;4,525999;100
785;100;4,44;100
3039;100;4,544;100
2638;100;4,5359993;100
3552;100;4,4263735;91
2423;100;4,335;100
1118;100;4,3400006;100
1575;100;4,2159986;100
1807;100;4,3770003;100
1012;100;4,4369993;100
420;100;4,3040004;100
2775;100;4,485;100
3288;100;4,483999;100
3684;100;4,407693;78
82;100;4,325001;100
1525;100;4,341;100
3516;100;4,4521737;92
3780;100;4,9;2
2907;100;4,497;100
3420;100;4,4140005;100
1049;100;4,314;100
737;100;4,444;100
1350;100;4,2740006;100
2098;100;4,28;100
3271;100;4,4850006;100
378;100;4,4780006;100
2258;100;4,2679996;100
1590;100;4,2849984;100
991;100;4,432999;100
3733;100;4,360715;28
997;100;4,329999;100
2285;100;4,3289995;100
1934;100;4,270001;100
2956;100;4,469001;100
2247;100;4,3199997;100
1493;100;4,245;100
1604;100;4,3649993;100
2300;100;4,3560004;100
231;100;4,387;100
3107;100;4,5589986;100
3469;100;4,3939996;100
1543;100;4,2809987;100
363;100;4,343;100
452;100;4,3570004;100
77;100;4,321001;100
568;100;4,351001;100
8;100;4,076002;100
1723;100;4,3859987;100
2670;100;4,511001;100
1145;100;4,421999;100
246;100;4,3770013;100
2117;100;4,3289995;100
2840;100;4,4809995;100
1772;100;4,3570004;100
2944;100;4,4819994;100
3711;100;4,32807;57
738;100;4,4209995;100
319;100;4,4030013;100
2946;100;4,5369997;100
510;100;4,334999;100
3198;100;4,4920006;100
881;100;4,4230003;100
40;100;4,1649995;100
650;100;4,355;100
1044;100;4,4039993;100
1802;100;4,326;100
435;100;4,392999;100
2857;100;4,472;100
2803;100;4,4199996;100
3501;100;4,3666663;96
3139;100;4,5309997;100
99;100;4,3580003;100
617;100;4,3329997;100
304;100;4,334;100
1123;100;4,3249993;100
2379;100;4,3859997;100
272;100;4,4200015;100
1691;100;4,3190007;100
3183;100;4,582001;100
3067;100;4,4379992;100
2897;100;4,4519987;100
3587;100;4,3934073;91
209;100;4,2819996;100
3385;100;4,376;100
1572;100;4,2799993;100
600;100;4,3490005;100
2872;100;4,484001;100
1377;100;4,295999;100
1440;100;4,3230014;100
2198;100;4,2969995;100
1970;100;4,3699994;100
3161;100;4,5169997;100
1308;100;4,3209987;100
864;100;4,3499985;100
2066;100;4,3469996;100
1176;100;4,3410006;100
891;100;4,4269996;100
3457;100;4,435;100
1668;100;4,347999;100
2181;100;4,218;100
3220;100;4,558;100
478;100;4,3029995;100
2825;100;4,3730006;100
812;100;4,331;100
2183;100;4,277;100
388;100;4,298001;100
1878;100;4,3469996;100
1472;100;4,2680006;100
3748;100;4,3933334;15
495;100;4,294;100
2026;100;4,278;100
2813;100;4,4020004;100
1081;100;4,3079996;100
2633;100;4,5989985;100
632;100;4,327999;100
2743;100;4,4479985;100
759;100;4,422;100
1340;100;4,261;100
2606;100;4,528999;100
2611;100;4,6059995;100
3028;100;4,448999;100
346;100;4,363001;100
3134;100;4,564998;100
859;100;4,4129987;100
368;100;4,2920003;100
3056;100;4,535;100
1558;100;4,274;100
553;100;4,4339995;100
2315;100;4,3549995;100
2130;100;4,214;100
536;100;4,3910007;100
2344;100;4,324;100
3669;100;4,429546;88
2626;100;4,5139995;100
817;100;4,4030004;100
104;100;4,227;100
610;100;4,342;100
2112;100;4,297;100
3074;100;4,466001;100
324;100;4,405;100
1631;100;4,3229995;100
1994;100;4,282999;100
2781;100;4,4680004;100
2268;100;4,332;100
2262;100;4,356;100
1822;100;4,398999;100
1732;100;4,3359995;100
3801;100;4,3;1
595;100;4,382;100
141;100;4,3889995;100
800;100;4,344;100
3573;100;4,3813186;91
1910;100;4,3170004;100
214;100;4,3080006;100
1163;100;4,397001;100
727;100;4,3809996;100
2447;100;4,3989983;100
622;100;4,382;100
2758;100;4,4449997;100
92;100;4,2500005;100
3166;100;4,4709992;100
1863;100;4,416001;100
484;100;4,382001;100
849;100;4,3360004;100
3193;100;4,641999;100
701;100;4,3549995;100
521;100;4,285;100
67;100;4,2330003;100
3035;100;4,4550004;100
241;100;4,445;100
252;100;4,36;100
2411;100;4,3640003;100
2924;100;4,4759994;100
1839;100;4,314999;100
1326;100;4,2240005;100
3615;100;4,3472524;91
2786;100;4,494;100
2594;100;4,4690003;100
1030;100;4,3759995;100
896;100;4,388;100
3007;100;4,515;100
3452;100;4,4819994;100
1150;100;4,3560004;100
965;100;4,3590007;100
3299;100;4,449001;100
2875;100;4,3789997;100
627;100;4,35;100
916;100;4,4159994;100
3484;100;4,4494953;99
3584;100;4,3483515;91
1345;100;4,2790003;100
1557;100;4,265999;100
770;100;4,4379997;100
2543;100;4,486999;100
1461;100;4,3439984;100
2290;100;4,3780003;100
2648;100;4,626999;100
944;100;4,4180007;100
1023;100;4,3060007;100
2253;100;4,2809997;100
2665;100;4,5469995;100
1294;100;4,3129992;100
2279;100;4,3299994;100
2554;100;4,5519996;100
669;100;4,357001;100
156;100;4,263;100
2929;100;4,481;100
199;100;4,398999;100
1178;100;4,382;100
1382;100;4,2799997;100
2462;100;4,378999;100
2975;100;4,456001;100
109;100;4,2380004;100
331;100;4,357001;100
3151;100;4,542;100
2330;100;4,3370004;100
2843;100;4,492999;100
463;100;4,3009996;100
933;100;4,421001;100
1062;100;4,3889995;100
1953;100;4,311999;100
2711;100;4,593999;100
2912;100;4,4879994;100
1821;100;4,4379997;100
1113;100;4,346;100
2579;100;4,6109986;100
1689;100;4,3009996;100
913;100;4,436;100
686;100;4,451;100
522;100;4,334;100
3481;100;4,449495;99
1172;100;4,338999;100
3540;100;4,417582;91
2771;100;4,5530005;100
984;100;4,389;100
2076;100;4,2500005;100
2419;100;4,370001;100
1199;100;4,3910003;100
131;100;4,4040008;100
1842;100;4,425998;100
1397;100;4,278999;100
2440;100;4,411999;100
1927;100;4,305;100
400;100;4,4;100
2963;100;4,5910006;100
2366;100;4,321999;100
1475;100;4,3289995;100
2351;100;4,326;100
2726;100;4,4689994;100
2402;100;4,4270005;100
1595;100;4,304;100
1700;100;4,3490005;100
2213;100;4,2500005;100
3628;100;4,4318686;91
960;100;4,4519997;100
2172;100;4,2740006;100
1214;100;4,299999;100
769;100;4,372999;100
3760;100;4,3625;8
828;100;4,45;100
2836;100;4,4529996;100
2052;100;4,220999;100
2766;100;4,5280004;100
3424;100;4,4000006;100
637;100;4,335;100
1045;100;4,3890004;100
2551;100;4,4600005;100
696;100;4,3909993;100
1246;100;4,287999;100
2482;100;4,4089985;100
1067;100;4,3739986;100
279;100;4,41;100
1446;100;4,276;100
1529;100;4,257999;100
2621;100;4,4350004;100
869;100;4,4800005;100
3111;100;4,5059996;100
2087;100;4,342;100
781;100;4,3719997;100
1644;100;4,301;100
2140;100;4,3289986;100
456;100;4,3390007;100
3688;100;4,332895;76
884;100;4,386;100
3807;101;4,3;1
3160;100;4,4640007;100
2065;100;4,3089995;100
2370;100;4,3909993;100
1016;100;4,331;100
3675;100;4,410975;82
1177;100;4,311;100
224;100;4,275;100
609;100;4,32;100
2932;100;4,4539995;100
395;100;4,3390017;100
987;100;4,492;100
307;100;4,368;100
2289;100;4,325001;100
136;100;4,354;100
3242;100;4,5179996;100
1114;100;4,3820004;100
2798;100;4,439;100
3017;100;4,4579988;100
564;100;4,4309993;100
1776;100;4,426;100
2593;100;4,509;100
2245;100;4,2550015;100
1001;100;4,424999;100
2753;100;4,4540005;100
1436;100;4,2600007;100
2634;100;4,528;100
2023;100;4,290999;100
3364;100;4,4540005;100
3311;100;4,418;100
300;100;4,2790008;100
1478;100;4,2619996;100
3707;100;4,323729;59
3326;100;4,3849993;100
3143;100;4,508001;100
2536;100;4,458999;100
2102;100;4,331001;100
227;100;4,3469996;100
4;100;4,276;100
1727;100;4,392999;100
1365;100;4,2560005;100
2968;100;4,442001;100
2391;100;4,345;100
1251;100;4,280999;100
1497;100;4,2999988;100
2304;100;4,313999;100
268;100;4,371;100
3513;100;4,443477;92
852;100;4,337;100
3179;100;4,4359994;100
1103;100;4,392999;100
506;100;4,27;100
3000;100;4,4769998;100
3349;100;4,4230003;100
2157;100;4,2859993;100
439;100;4,360001;100
2208;100;4,2539997;100
432;100;4,4569993;100
242;100;4,367999;100
81;100;4,2260003;100
654;100;4,432999;100
1695;100;4,242999;100
923;100;4,3950005;100
168;100;4,305;100
2694;100;4,5919976;100
2985;100;4,548;100
1974;100;4,2320004;100
36;100;4,182999;100
1806;100;4,3550005;100
2070;100;4,291999;100
2868;100;4,317;100
659;100;4,3390007;100
2507;100;4,43;100
3491;100;4,3846927;98
3381;100;4,3549995;100
1563;100;4,2959995;100
2006;100;4,279999;100
1414;100;4,2389994;100
474;100;4,4060006;100
1077;100;4,3529987;100
1627;100;4,2789993;100
3523;100;4,419565;92
3010;100;4,525999;100
2055;100;4,219;100
723;100;4,325999;100
1949;100;4,2579994;100
3445;100;4,415999;100
1035;100;4,3969984;100
2240;100;4,2820005;100
491;100;4,313001;100
676;100;4,416;100
2915;100;4,4879994;100
3032;100;4,4100003;100
2817;100;4,387;100
1584;100;4,226999;100
1810;100;4,4179997;100
2953;100;4,485;100
1663;100;4,317001;100
2615;100;4,5149994;100
2097;100;4,357001;100
1305;100;4,1869993;100
1874;100;4,4029984;100
3194;100;4,4519997;100
3428;100;4,4550004;100
427;100;4,4830003;100
1759;100;4,3589997;100
1167;100;4,3180003;100
2108;100;4,381999;100
1204;100;4,4170003;100
1209;100;4,326;100
590;100;4,4490004;100
163;100;4,4;100
3577;100;4,4175825;91
532;100;4,300001;100
945;100;4,379999;100
2666;100;4,541;100
1468;100;4,305;100
2995;100;4,5139995;100
796;100;4,3909993;100
2319;100;4,398;100
3396;100;4,477;100
2785;100;4,424;100
2272;100;4,3109994;100
681;100;4,5429983;100
3207;100;4,565999;100
664;100;4,4399996;100
2653;100;4,5639997;100
3294;100;4,4679995;100
2472;100;4,356;100
549;100;4,3609996;100
3162;100;4,4669995;100
3673;100;4,4162784;86
1906;100;4,3129983;100
1421;100;4,2149987;100
928;100;4,350999;100
2038;100;4,277;100
375;100;4,4430003;100
256;100;4,451001;100
2879;100;4,471;100
2504;100;4,4439993;100
1685;100;4,301998;100
1278;100;4,277;100
2125;100;4,2660007;100
2235;100;4,3320003;100
1135;100;4,347;100
649;100;4,349999;100
3147;100;4,493;100
210;100;4,291;100
488;100;4,4010005;100
2450;100;4,327999;100
113;100;4,3700004;100
813;100;4,3879995;100
1510;100;4,343999;100
1082;100;4,3939996;100
750;100;4,3909993;100
2928;100;4,379999;100
2630;100;4,632;100
1991;100;4,2589993;100
3049;100;4,5180006;100
618;100;4,334;100
517;100;4,308;100
2685;100;4,502;100
2203;100;4,237;100
940;100;4,317999;100
1341;100;4,2790003;100
343;100;4,351;100
124;100;4,275001;100
3456;100;4,428;100
1473;100;4,295999;100
2334;100;4,2760005;100
1146;100;4,374999;100
2847;100;4,3750005;100
1019;100;4,325001;100
2257;100;4,291001;100
2565;100;4,4820004;100
3279;100;4,417999;100
2598;100;4,6049995;100
1959;100;4,316001;100
356;100;4,3589997;100
755;100;4,3589993;100
554;100;4,388;100
3293;100;4,397001;100
2900;100;4,507;100
969;100;4,389;100
459;100;4,251;100
1182;100;4,323001;100
824;100;4,433;100
837;100;4,4139996;100
1552;100;4,2609982;100
2583;100;4,475;100
195;100;4,378;100
3572;100;4,436263;91
146;100;4,3230004;100
1050;100;4,3770003;100
2943;100;4,4269996;100
2514;100;4,483;100
2568;100;4,503999;100
1846;100;4,3909993;100
1548;100;4,248999;100
777;100;4,367001;100
1749;100;4,384001;100
1799;100;4,284;100
2299;100;4,3330007;100
49;100;4,2500005;100
526;100;4,309001;100
3392;100;4,433;100
713;100;4,436;100
558;100;4,3349996;100
1004;100;4,413999;100
3738;100;4,4105268;19
1771;100;4,3629994;100
3377;100;4,337;100
581;100;4,4010015;100
856;100;4,323;100
2716;100;4,4959993;100
3641;100;4,380219;91
691;100;4,453999;100
1517;100;4,3519998;100
64;100;4,297002;100
2864;100;4,51;100
3316;100;4,4029994;100
1599;100;4,299;100
641;100;4,3529997;100
1962;100;4,277;100
2398;100;4,377001;100
1026;100;4,299;100
3508;100;4,4212766;94
296;100;4,2699995;100
19;100;4,3219995;100
1071;100;4,3879995;100
3113;100;4,4890003;100
873;100;4,3720007;100
2662;100;4,601998;100
706;100;4,3539996;100
283;100;4,519001;100
2978;100;4,4799995;100
1612;100;4,2309995;100
2376;100;4,3980007;100
1157;100;4,391999;100
1226;100;4,2689986;100
151;100;4,311001;100
2061;100;4,3579993;100
1744;100;4,3969994;100
1401;100;4,3269997;100
708;100;4,357;100
3083;100;4,428;100
2193;100;4,3669996;100
888;100;4,414;100
3215;100;4,513001;100
415;100;4,309001;100
972;100;4,367999;100
96;100;4,317;100
1567;100;4,2449994;100
2144;100;4,3199997;100
2013;100;4,2209992;100
1606;100;4,3069997;100
3261;100;4,476001;100
2589;100;4,5739994;100
328;100;4,3440013;100
3755;100;4,5199995;10
1648;100;4,337999;100
3660;100;4,36;90
2733;100;4,592;100
1942;100;4,306999;100
955;100;4,439999;100
1253;100;4,352;100
3463;100;4,42;100
3130;100;4,628;100
740;100;4,398;100
2679;100;4,39;100
2519;100;4,4709997;100
1369;100;4,2119994;100
3229;100;4,5969996;100
2176;100;4,315999;100
1781;100;4,3620005;100
2822;100;4,3650002;100
3210;100;4,4909997;100
1754;100;4,4210005;100
2408;100;4,4540005;100
3787;101;4,1;2
1268;100;4,310999;100
3059;100;4,453;100
2387;100;4,4339995;100
2721;100;4,577998;100
1532;100;4,2440004;100
3609;100;4,3670335;91
410;100;4,3830004;100
1231;100;4,3029985;100
2851;100;4,5470004;100
1485;100;4,3480005;100
2161;100;4,3120003;100
264;100;4,4349995;100
1099;100;4,317;100
311;100;4,401999;100
2889;100;4,412999;100
2883;100;4,4609995;100
2832;100;4,4219995;100
994;100;4,3929996;100
2690;100;4,5419993;100
2657;100;4,513;100
1712;100;4,372999;100
3020;100;4,448;100
3081;100;4,4979997;100
2748;100;4,4940004;100
51;100;4,28;100
1054;100;4,322;100
1500;100;4,280999;100
2570;100;4,584;100
3247;100;4,4430003;100
3449;100;4,4229994;100
68;100;4,3570004;100
3643;100;4,418681;91
200;100;4,265001;100
674;100;4,465;100
2093;100;4,249;100
1791;100;4,340999;100
1988;100;4,2699995;100
1717;100;4,451999;100
2225;100;4,2869997;100
2455;100;4,424;100
3306;100;4,376;100
1433;100;4,283;100
2166;100;4,257001;100
1814;100;4,38;100
1301;100;4,252999;100
1453;100;4,3449993;100
3692;100;4,4055552;72
1638;100;4,391999;100
3115;100;4,539999;100
2689;100;4,56;100
3274;100;4,4789987;100
3335;100;4,303999;100
3792;100;4,25;2
178;100;4,328001;100
3064;100;4,5660005;100
2921;100;4,4379983;100
792;100;4,434999;100
183;100;4,408;100
332;100;4,363;100
1189;100;4,368;100
2701;100;4,574;100
1187;100;4,329999;100
442;100;4,3489995;100
3723;100;4,3581395;43
17;100;4,3309994;100
1039;100;4,275999;100
586;100;4,4030004;100
371;100;4,394001;100
3555;100;4,4065943;91
718;100;4,4009995;100
3345;100;4,381;100
3203;100;4,548998;100
503;100;4,324;100
1870;100;4,3579984;100
841;100;4,4489994;100
1786;100;4,313;100
3476;100;4,436364;99
3027;100;4,5069995;100
2430;100;4,437;100
3656;100;4,383334;90
1263;100;4,292;100
1236;100;4,332;100
464;100;4,2599993;100
2338;100;4,3310003;100
2277;100;4,3850007;100
128;100;4,3150005;100
3802;100;4,2;1
2220;100;4,3059998;100
1981;100;4,3;100
2129;100;4,319;100
3775;100;4,275;4
1318;100;4,2639995;100
1831;100;4,259;100
1764;100;4,4029994;100
3128;100;4,535;100
339;100;4,363;100
1902;100;4,310999;100
3545;100;4,4318676;91
1086;100;4,365;100
471;100;4,3430004;100
577;100;4,414001;100
1659;100;4,336;100
2323;100;4,3100004;100
1539;100;4,204998;100
2702;100;4,5479984;100
2487;100;4,4059997;100
952;100;4,3710003;100
2546;100;4,5499983;100
2600;100;4,588999;100
2904;100;4,5159984;100
809;100;4,3490005;100
3624;100;4,3175826;91
1680;100;4,3410015;100
3413;100;4,3749995;100
3565;100;4,4340672;91
3360;100;4,3600006;100
3330;100;4,3970013;100
3175;100;4,5729995;100
2045;100;4,238001;100
360;100;4,396001;100
1131;100;4,3729997;100
1580;100;4,2579985;100
1286;100;4,351;100
1739;100;4,329;100
1219;100;4,342999;100
3042;100;4,491999;100
3096;100;4,4959993;100
1337;100;4,2420006;100
644;100;4,352;100
3770;100;4,5;6
2469;100;4,377001;100
1221;100;4,315;100
3716;100;4,3180003;50
2355;100;4,3480005;100
545;100;4,3829985;100
908;100;4,353999;100
32;100;4,079001;100
2676;100;4,5519986;100
2057;100;4,3059983;100
1405;100;4,274;100
1359;100;4,196;100
2248;100;4,3009996;100
1935;100;4,3020005;100
2949;100;4,4950004;100
3698;100;4,384285;70
2412;100;4,4650006;100
3489;100;4,3551025;98
2501;100;4,4210005;100
745;100;4,4329996;100
1544;100;4,2629986;100
1767;100;4,3219995;100
3108;100;4,557;100
337;100;4,39;100
1899;100;4,3279996;100
1850;100;4,393999;100
3653;100;4,4244437;90
1258;100;4,376;100
2839;100;4,415;100
2559;100;4,5770006;100
2114;100;4,3519998;100
3416;100;4,4119997;100
704;100;4,4199996;100
1142;100;4,322;100
3125;100;4,5139995;100
2427;100;4,376;100
2993;100;4,5000005;100
1537;100;4,367001;100
1982;100;4,212;100
657;100;4,4270005;100
1803;100;4,2729993;100
3494;100;4,3639174;97
1024;100;4,3869996;100
1703;100;4,3359995;100
2380;100;4,342001;100
614;100;4,4310007;100
2544;100;4,5769997;100
3357;100;4,4049997;100
1222;100;4,321999;100
155;100;4,331001;100
1285;100;4,322999;100
2976;100;4,5160003;100
1354;100;4,230999;100
2280;100;4,39;100
2358;100;4,351;100
601;100;4,3550005;100
1956;100;4,2579994;100
2844;100;4,368;100
2146;100;4,261001;100
1486;100;4,267999;100
1973;100;4,302;100
2321;100;4,325001;100
1053;100;4,372999;100
2712;100;4,511;100
1507;100;4,2759995;100
2580;100;4,575;100
865;100;4,4659996;100
1750;100;4,425;100
12;100;4,2359986;100
3225;100;4,5;100
1428;100;4,3529987;100
3389;100;4,407;100
1505;100;4,324999;100
728;100;4,510999;100
73;100;4,3240004;100
1586;100;4,354;100
176;100;4,386001;100
1095;100;4,333998;100
979;100;4,3610005;100
1141;100;4,400999;100
387;100;4,3070006;100
2512;100;4,477001;100
1671;100;4,3679996;100
1798;100;4,3109984;100
3025;100;4,4469986;100
3118;100;4,4779997;100
2861;100;4,395999;100
2950;100;4,4639997;100
2723;100;4,503999;100
1009;100;4,4099994;100
2729;100;4,4939985;100
1718;100;4,382998;100
2031;100;4,2339997;100
2940;100;4,481999;100
315;100;4,3210006;100
3072;100;4,468999;100
447;100;4,326;100
572;100;4,4580007;100
1373;100;4,2489996;100
3257;100;4,5050006;100
596;100;4,3129997;100
2893;100;4,4839993;100
1882;100;4,368;100
2808;100;4,4009995;100
1273;100;4,2799997;100
3157;100;4,5720005;100
613;100;4,4;100
3521;100;4,44674;92
2849;100;4,4030004;100
3367;100;4,4110003;100
144;100;4,2949996;100
498;100;4,2820005;100
3008;100;4,3819995;100
44;100;4,352;100
2267;100;4,318;100
877;100;4,358;100
2585;100;4,5659976;100
3399;100;4,3909993;100
3685;100;4,294872;78
860;100;4,3549995;100
3289;100;4,38;100
1241;100;4,2930007;100
992;100;4,26;100
1618;100;4,29;100
2866;100;4,4009995;100
2876;100;4,3710003;100
3169;100;4,5189996;100
1941;100;4,3480005;100
2436;100;4,4049993;100
3285;100;4,3760004;100
846;100;4,4339986;100
2761;100;4,4139996;100
1422;100;4,258;100
2014;100;4,2440004;100
3401;100;4,4009995;100
2925;100;4,539;100
251;100;4,4090004;100
466;100;4,1730003;100
232;100;4,4489994;100
3479;100;4,447475;99
3434;100;4,4160004;100
1840;100;4,3269987;100
3585;100;4,4153833;91
3140;100;4,5179996;100
3621;100;4,376923;91
3453;100;4,403;100
2459;100;4,447001;100
628;100;4,3759995;100
2627;100;4,6050005;100
1919;100;4,3489985;100
3458;100;4,4909997;100
1317;100;4,305;100
1650;100;4,255999;100
451;100;4,3029995;100
2353;100;4,3650002;100
1085;100;4,3749986;100
3758;100;4,25;8
2480;100;4,426999;100
3566;100;4,3868136;91
3402;100;4,357001;100
2089;100;4,304001;100
3590;100;4,4087915;91
1460;100;4,3689995;100
2046;100;4,256;100
3093;100;4,4749994;100
100;100;4,324;100
2819;100;4,4519997;100
3068;100;4,4889994;100
1181;100;4,311999;100
1967;100;4,320999;100
364;100;4,316;100
557;100;4,38;100
932;100;4,4269996;100
1686;100;4,39;100
540;100;4,348001;100
2886;100;4,435;100
2697;100;4,584999;100
1554;100;4,2309985;100
88;100;4,1639996;100
1950;100;4,3539996;100
483;100;4,398001;100
204;100;4,2639995;100
2871;100;4,4219995;100
2829;100;4,4139996;100
672;100;4,379;100
1818;100;4,411;100
3172;100;4,5139995;100
2961;100;4,468;100
1158;100;4,3509994;100
2079;100;4,338999;100
1322;100;4,2019997;100
1835;100;4,357;100
1914;100;4,3279996;100
3534;100;4,4456515;92
3448;100;4,3789997;100
2311;100;4,393;100
977;100;4,401999;100
1845;100;4,424;100
689;100;4,3620005;100
904;100;4,3829994;100
3189;100;4,5280004;100
525;100;4,3449993;100
3549;100;4,481319;91
2195;100;4,2979994;100
582;100;4,431;100
2348;100;4,302;100
496;100;4,217;100
1655;100;4,269999;100
1413;100;4,260999;100
2216;100;4,309;100
1518;100;4,2329984;100
2612;100;4,559999;100
2326;100;4,3850007;100
760;100;4,3870015;100
1782;100;4,3489985;100
1217;100;4,31;100
892;100;4,4279995;100
2210;100;4,3030005;100
3626;100;4,3835163;91
219;100;4,382;100
1127;100;4,343999;100
3726;100;4,4524994;40
2744;100;4,589999;100
2998;100;4,4379992;100
1449;100;4,3749995;100
2491;100;4,4379997;100
105;100;4,2440004;100
2188;100;4,324001;100
1190;100;4,366001;100
3347;100;4,346;100
2111;100;4,3710003;100
3321;100;4,4010005;100
1011;100;4,2760005;100
1391;100;4,287999;100
2306;100;4,358;100
2920;100;4,462;100
2343;100;4,305;100
1576;100;4,289999;100
1290;100;4,365999;100
369;100;4,3450007;100
3057;100;4,487001;100
845;100;4,412999;100
2227;100;4,3080006;100
1454;100;4,2720003;100
2644;100;4,4859996;100
1867;100;4,4599996;100
2072;100;4,2520003;100
2659;100;4,673998;100
2776;100;4,384;100
1735;100;4,368;100
2793;100;4,483;100
1808;100;4,347999;100
772;100;4,4199996;100
2908;100;4,4509993;100
1109;100;4,3960004;100
3666;100;4,3202243;89
3040;100;4,477;100
1999;100;4,2990003;100
3798;100;5,0;2
3594;100;4,409889;91
3466;100;4,4040003;100
1277;100;4,2299995;100
2592;100;4,619;100
1591;100;4,3440003;100
1647;100;4,305;100
2444;100;4,4;100
1327;100;4,2399983;100
3730;100;4,413889;36
589;100;4,335;100
3614;100;4,4252744;91
1254;100;4,275;100
700;100;4,351;100
2708;100;4,5009995;100
962;100;4,362;100
814;100;4,459;100
2989;100;4,482001;100
1386;100;4,3289995;100
2595;100;4,6589994;100
1722;100;4,3750005;100
964;100;4,363;100
518;100;4,3070006;100
2168;100;4,2869997;100
2274;100;4,3060007;100
2175;100;4,28;100
2284;100;4,3450003;100
2390;100;4,4659996;100
320;100;4,392001;100
1477;100;4,3379984;100
1342;100;4,1829987;100
897;100;4,415;100
2099;100;4,287;100
749;100;4,3640003;100
3485;100;4,410101;99
1675;100;4,3169994;100
3790;100;4,3500004;2
2856;100;4,4890003;100
3710;100;4,327587;58
1640;100;4,2420006;100
2854;100;4,4209995;100
2291;100;4,299;100
41;100;4,1490006;100
2252;100;4,336;100
1904;100;4,3269997;100
2136;100;4,3320003;100
2407;100;4,43;100
2555;100;4,415999;100
305;100;4,3519998;100
1063;100;4,286;100
2533;100;4,4709997;100
27;100;4,1679997;100
1509;100;4,213999;100
1482;100;4,234999;100
3384;100;4,381999;100
947;100;4,3629994;100
1102;100;4,3980002;100
259;100;4,3979993;100
159;100;4,255002;100
653;100;4,41;100
352;100;4,404;100
3337;100;4,473;100
3370;100;4,4150004;100
2824;100;4,3880005;100
3221;100;4,5569997;100
391;100;4,404001;100
2812;100;4,5369987;100
1630;100;4,2830005;100
187;100;4,311;100
3105;100;4,5120006;100
2005;100;4,2629995;100
1746;100;4,3859997;100
3749;100;4,3714285;14
56;100;4,326001;100
2027;100;4,2070003;100
3631;100;4,3912086;91
115;100;4,3320007;100
633;100;4,3050017;100
2972;100;4,505;100
1855;100;4,4339986;100
402;100;4,3810015;100
3562;100;4,4505486;91
2609;100;4,5159993;100
3236;100;4,5519996;100
172;100;4,3350005;100
2432;100;4,4349995;100
3502;100;4,4354167;96
140;100;4,3209996;100
3004;100;4,553998;100
1245;100;4,3;100
2765;100;4,4660006;100
1823;100;4,2889996;100
3517;100;4,454348;92
1524;100;4,3059993;100
2131;100;4,271001;100
732;100;4,5209985;100
3332;100;4,4230003;100
419;100;4,351;100
3137;100;4,597999;100
787;100;4,3509994;100
3369;100;4,4659996;100
3253;100;4,478;100
782;100;4,417999;100
3663;100;4,3370786;89
2527;100;4,4150004;100
2417;100;4,344;100
3781;100;4,75;2
24;100;4,2479997;100
996;100;4,405;100
1559;100;4,274999;100
2935;100;4,4839997;100
2153;100;4,2970004;100
2263;100;4,3170004;100
2395;100;4,4229994;100
3086;100;4,4399996;100
2448;100;4,489;100
2945;100;4,5099993;100
2010;100;4,281999;100
9;100;4,036001;100
1862;100;4,323999;100
76;100;4,2219996;100
1031;100;4,3369994;100
2957;100;4,416;100
1492;100;4,319999;100
1690;100;4,296;100
2082;100;4,380001;100
3182;100;4,521999;100
2385;100;4,310999;100
2476;100;4,423;100
3695;100;4,4408455;71
2787;100;4,435;100
569;100;4,385;100
3325;100;4,343001;100
2797;100;4,4329996;100
291;100;4,4179997;100
120;100;4,265;100
59;100;4,3510003;100
915;100;4,3719997;100
379;100;4,4520006;100
236;100;4,3719997;100
247;100;4,454001;100
2913;100;4,508;100
2400;100;4,400001;100
2042;100;4,3089995;100
3498;100;4,4218755;96
434;100;4,418;100
511;100;4,3239994;100
2649;100;4,5849996;100
3586;100;4,4604397;91
3431;100;4,4719996;100
1778;100;4,354;100
208;100;4,2530003;100
3268;100;4,434999;100
668;100;4,351001;100
3599;100;4,406592;91
1295;100;4,256;100
2463;100;4,399;100
1441;100;4,308;100
930;100;4,418999;100
3150;100;4,4339995;100
2331;100;4,3850007;100
1309;100;4,318998;100
2199;100;4,226;100
2577;100;4,491;100
2067;100;4,2729993;100
3530;100;4,459783;92
1707;100;4,2669992;100
1194;100;4,3150005;100
1078;100;4,4729986;100
3678;100;4,3925934;81
479;100;4,4010005;100
2363;100;4,3529997;100
2163;100;4,254;100
3794;100;4,0;2
2681;100;4,6969995;100
2184;100;4,2439995;100
1213;100;4,3120003;100
1608;100;4,3099995;100
764;100;4,335;100
273;100;4,4550004;100
3352;100;4,452999;100
384;100;4,454;100
1514;100;4,326999;100
900;100;4,407999;100
1662;100;4,343001;100
2903;100;4,4919996;100
2121;100;4,236999;100
2096;100;4,302999;100
833;100;4,3789997;100
685;100;4,443;100
2231;100;4,2550006;100
347;100;4,3980007;100
1894;100;4,344999;100
2295;100;4,398999;100
2037;100;4,296;100
1310;100;4,162999;100
3646;100;4,450001;90
2316;100;4,3509994;100
2740;100;4,5359993;100
550;100;4,345;100
2495;100;4,5370007;100
1445;100;4,3159986;100
1443;100;4,263999;100
2918;100;4,4370003;100
2624;100;4,517001;100
3762;100;4,457143;7
1995;100;4,2860003;100
3553;100;4,436263;91
2780;100;4,4649987;100
537;100;4,3409986;100
2020;100;4,272001;100
83;100;4,251001;100
1046;100;4,362999;100
717;100;4,381999;100
215;100;4,3120003;100
1162;100;4,3949995;100
3421;100;4,3819995;100
1615;100;4,277001;100
2422;100;4,3149996;100
801;100;4,43;100
288;100;4,3259997;100
1117;100;4,431999;100
1909;100;4,3459997;100
2004;100;4,279;100
2143;100;4,241001;100
3380;100;4,337001;100
3659;100;4,428889;90
2931;100;4,4330006;100
2124;100;4,241001;100
2219;100;4,322;100
2259;100;4,2799993;100
1134;100;4,3969984;100
152;100;4,3159995;100
2375;100;4,2769985;100
301;100;4,3170004;100
1349;100;4,222;100
1000;100;4,3659997;100
2288;100;4,4090004;100
621;100;4,3469996;100
1643;100;4,3209987;100
2103;100;4,3069987;100
753;100;4,3730006;100
1513;100;4,2639995;100
1775;100;4,3589983;100
2303;100;4,3559995;100
2518;100;4,5160003;100
2684;100;4,602999;100
448;100;4,4449997;100
316;100;4,3580008;100
3706;100;4,4183335;60
1726;100;4,4;100
1281;100;4,227;100
1579;100;4,3269997;100
1958;100;4,292;100
2386;100;4,322999;100
1679;100;4,347;100
3786;100;4,8500004;2
3512;100;4,42473;93
2156;100;4,372;100
2535;100;4,4659996;100
2256;100;4,2999997;100
3233;100;4,544998;100
3292;100;4,408;100
433;100;4,429;100
834;100;4,400999;100
411;100;4,38;100
37;100;4,1559997;100
968;100;4,3869996;100
2984;100;4,511;100
2720;100;4,613999;100
951;100;4,4049993;100
1098;100;4,3629994;100
3734;100;4,3416657;24
169;100;4,3640013;100
836;100;4,3799996;100
263;100;4,406;100
2588;100;4,5869985;100
147;100;4,3620014;100
1230;100;4,3360004;100
3602;100;4,381319;91
2234;100;4,3119993;100
31;100;4,2749996;100
1547;100;4,2709994;100
1396;100;4,2729993;100
52;100;4,2600007;100
1626;100;4,243;100
819;100;4,417001;100
3265;100;4,4539995;100
2523;100;4,4490013;100
3101;100;4,492999;100
3374;100;4,414;100
1594;100;4,2749987;100
3465;100;4,4430003;100
1381;100;4,328999;100
2605;100;4,51;100
2952;100;4,4100003;100
406;100;4,3580003;100
3522;100;4,464131;92
1877;100;4,3719983;100
2816;100;4,460999;100
2737;100;4,526999;100
855;100;4,3429995;100
191;100;4,314;100
2009;100;4,243;100
1304;100;4,336;100
1987;100;4,2299995;100
3791;99;4,7;2
1528;100;4,349001;100
184;100;4,3270016;100
3338;100;4,428001;100
20;100;4,3650002;100
1149;100;4,304;100
1674;100;4,3129997;100
423;100;4,3910003;100
3133;100;4,585;100
1249;100;4,294999;100
791;100;4,4279995;100
2051;100;4,309;100
868;100;4,362;100
1758;100;4,3450003;100
274;100;4,3840003;100
3497;100;4,3814445;97
2769;100;4,5360017;100
866;100;4,4929996;100
3691;100;4,3624997;72
1481;100;4,4109993;100
3204;100;4,579002;100
374;100;4,4769993;100
604;100;4,4040003;100
3063;100;4,498;100
736;100;4,435999;100
3470;100;4,3960004;100
3165;100;4,538;100
565;100;4,2990007;100
3310;100;4,4;100
3146;100;4,498;100
2637;100;4,499;100
3016;100;4,483;100
306;100;4,3390007;100
1437;100;4,247999;100
1860;100;4,3329988;100
211;100;4,2320004;100
2752;100;4,485;100
2801;100;4,451;100
327;100;4,325001;100
108;100;4,251002;100
3329;100;4,4150004;100
240;100;4,3689995;100
243;100;4,33;100
5;100;4,183001;100
295;100;4,281;100
2202;100;4,2340007;100
127;100;4,316;100
919;100;4,406;100
802;100;4,3299994;100
1990;100;4,338;100
137;100;4,392;100
1364;100;4,236999;100
1315;100;4,2589993;100
342;100;4,3259997;100
1817;100;4,368999;100
1496;100;4,3329988;100
1658;100;4,2820015;100
2335;100;4,3270006;100
3561;100;4,3593407;91
2187;100;4,269;100
3348;100;4,430001;100
3278;100;4,398999;100
3559;100;4,416483;91
507;100;4,3100004;100
269;100;4,412;100
359;100;4,405;100
80;100;4,285001;100
808;100;4,362;100
3178;100;4,553999;100
3805;101;4,4;1
196;100;4,355001;100
2747;100;4,5249987;100
438;100;4,4300003;100
1336;100;4,238;100
1694;100;4,3499994;100
2071;100;4,3139997;100
3717;100;4,41;50
2573;100;4,538;100
1562;100;4,2339997;100
2705;100;4,5479994;100
1173;100;4,3120003;100
898;100;4,3679986;100
475;100;4,2740006;100
3480;100;4,3727274;99
1411;100;4,247;100
768;100;4,347;100
2418;100;4,3330007;100
1057;100;4,3589993;100
1790;100;4,3409986;100
665;100;4,410001;100
2367;100;4,362;100
1034;100;4,3649993;100
2962;100;4,4899993;100
1289;100;4,2749996;100
1711;100;4,337001;100
401;100;4,366;100
1198;100;4,333;100
2914;100;4,4740005;100
2092;100;4,326;100
2405;100;4,3009996;100
3324;100;4,388001;100
2715;100;4,5279994;100
3197;100;4,4589987;100
3427;100;4,395;100
1892;100;4,4229994;100
3031;100;4,484999;100
829;100;4,4249997;100
3766;100;4,3142853;7
2224;100;4,257;100
961;100;4,4639993;100
636;100;4,4389997;100
2796;100;4,463999;100
1474;100;4,307999;100
3634;100;4,352747;91
2620;100;4,4799995;100
3425;100;4,3850007;100
533;100;4,3470006;100
1066;100;4,445998;100
2041;100;4,295;100
697;100;4,3619995;100
721;100;4,4919996;100
2341;100;4,3729997;100
2669;100;4,531;100
1166;100;4,3139987;100
3046;100;4,4679995;100
3507;100;4,4210525;95
956;100;4,4220004;100
3674;100;4,3564706;85
2022;100;4,226001;100
1347;100;4,2109985;100
2064;100;4,284;100
1611;100;4,3420005;100
95;100;4,295999;100
3806;100;4,3;1
2652;100;4,619999;100
2784;100;4,4149995;100
797;100;4,36;100
284;100;4,4700007;100
887;100;4,421;100
1743;100;4,356999;100
2550;100;4,4520006;100
929;100;4,3709993;100
416;100;4,387001;100
1094;100;4,445;100
1931;100;4,289;100
396;100;4,386999;100
625;100;4,3700004;100
2354;100;4,4;100
840;100;4,452998;100
729;100;4,4259996;100
3245;100;4,445;100
741;100;4,444;100
1237;100;4,4049997;100
2503;100;4,489;100
2242;100;4,2749996;100
988;100;4,3240004;100
2128;100;4,3189993;100
2160;100;4,321001;100
3363;100;4,461;100
2811;100;4,3780007;100
1353;100;4,2259994;100
2732;100;4,4489994;100
465;100;4,251;100
3129;100;4,5399995;100
1830;100;4,4050007;100
1978;100;4,2180004;100
333;100;4,3949995;100
1130;100;4,352;100
3026;100;4,4779997;100
1828;100;4,2799997;100
1262;100;4,3070006;100
2967;100;4,4509997;100
2431;100;4,499999;100
3544;100;4,379121;91
1269;100;4,39;100
576;100;4,376001;100
3702;100;4,293749;64
1153;100;4,3750005;100
428;100;4,471001;100
3058;100;4,472;100
2804;100;4,3679996;100
1533;100;4,2849994;100
861;100;4,3669996;100
2848;100;4,4270005;100
2601;100;4,5589995;100
2899;100;4,4599986;100
3571;100;4,402198;91
1385;100;4,234999;100
3606;100;4,4505496;91
3412;100;4,461;100
2486;100;4,493;100
1538;100;4,2779984;100
3361;100;4,4979987;100
597;100;4,2680006;100
1379;100;4,186;100
1583;100;4,302;100
2266;100;4,3580003;100
1020;100;4,3220005;100
529;100;4,3500013;100
2468;100;4,476001;100
3773;100;4,633333;6
1977;100;4,2139997;100
645;100;4,351;100
1551;100;4,3010006;100
1358;100;4,2580004;100
460;100;4,3190002;100
2584;100;4,5259995;100
3260;100;4,391;100
909;100;4,3450003;100
3490;100;4,4469385;98
993;100;4,418999;100
1501;100;4,273;100
1924;100;4,346999;100
3246;100;4,4850006;100
724;100;4,307999;100
3021;100;4,453;100
823;100;4,3590007;100
2508;100;4,537999;100
3393;100;4,462;100
132;100;4,3120003;100
48;100;4,12;100
16;100;4,216998;100
3539;100;4,4032965;91
1926;100;4,291;100
164;100;4,3959994;100
201;100;4,3680005;100
2540;100;4,569;100
851;100;4,3470016;100
1714;100;4,3349996;100
69;100;4,2130003;100
1598;100;4,2279997;100
2688;100;4,611999;100
2865;100;4,4240003;100
983;100;4,365999;100
63;100;4,182;100
3741;100;4,4111114;18
1881;100;4,329998;100
1432;100;4,273999;100
1005;100;4,4429994;100
179;100;4,3300004;100
1300;100;4,286;100
3077;100;4,541;100
3114;100;4,4800005;100
278;100;4,4790006;100
1903;100;4,319999;100
3395;100;4,396;100
692;100;4,3550005;100
2485;100;4,4140005;100
1886;100;4,348999;100
2700;100;4,539999;100
3495;100;4,4175253;97
443;100;4,4289994;100
872;100;4,395999;100
1506;100;4,2679996;100
1400;100;4,247999;100
2271;100;4,3059998;100
1622;100;4,289999;100
1121;100;4,354;100
502;100;4,2750006;100
2373;100;4,3930006;100
370;100;4,340001;100
608;100;4,3150005;100
2139;100;4,3569994;100
3342;100;4,432999;100
3754;100;4,2999997;11
91;100;4,258;100
112;100;4,319001;100
3014;100;4,4209995;100
3527;100;4,411957;92
1332;100;4,244999;100
255;100;4,325001;100
228;100;4,3650007;100
1607;100;4,231999;100
3475;100;4,3454556;99
3529;100;4,4304347;92
2755;100;4,490999;100
323;100;4,371001;100
487;100;4,4820004;100
2673;100;4,5809994;100
2880;100;4,3999996;100
2641;100;4,520999;100
804;100;4,3719997;100
3438;100;4,337001;100
3581;100;4,4241753;91
3462;100;4,3450007;100
1321;100;4,272999;100
338;100;4,3270006;100
123;100;4,2960014;100
2322;100;4,324;100
1654;100;4,2760005;100
3228;100;4,545999;100
470;100;4,3129997;100
1945;100;4,317;100
1368;100;4,215;100
941;100;4,3409996;100
1963;100;4,2370005;100
2564;100;4,608001;100
2882;100;4,411999;100
3627;100;4,396702;91
355;100;4,4090004;100
84;100;4,2360005;100
936;100;4,328;100
1946;100;4,282;100
3213;100;4,500999;100
3300;100;4,3930006;100
1010;100;4,3610005;100
924;100;4,311;100
3097;100;4,4969997;100
2207;100;4,2600007;100
1738;100;4,4039993;100
1682;100;4,3350005;100
2888;100;4,3739996;100
1185;100;4,3669996;100
3406;100;4,4090014;100
2075;100;4,1790004;100
310;100;4,3719997;100
2691;100;4,607;100
1464;100;4,332999;100
660;100;4,3980007;100
2999;100;4,466999;100
1566;100;4,3059983;100
544;100;4,3369994;100
2019;100;4,2929993;100
2867;100;4,517999;100
2833;100;4,5410004;100
2437;100;4,4169993;100
1849;100;4,393999;100
2060;100;4,195999;100
216;100;4,261;100
2439;100;4,4599996;100
2239;100;4,238;100
1491;100;4,2939997;100
1038;100;4,374;100
2298;100;4,3380003;100
776;100;4,442;100
561;100;4,408001;100
3444;100;4,382999;100
1417;100;4,2409987;100
640;100;4,3490005;100
3433;100;4,376;100
2616;100;4,484999;100
1770;100;4,420999;100
1918;100;4,289;100
756;100;4,368;100
677;100;4,489;100
2454;100;4,4110003;100
3053;100;4,4700003;100
3638;100;4,426374;91
3317;100;4,3870006;100
2171;100;4,2339997;100
2835;100;4,4490004;100
2352;100;4,4020014;100
492;100;4,2840004;100
1089;100;4,319999;100
2994;100;4,529999;100
3201;100;4,562;100
2192;100;4,351;100
1205;100;4,255999;100
1450;100;4,3170004;100
1813;100;4,400999;100
2107;100;4,3080006;100
223;100;4,3510017;100
2088;100;4,3360004;100
3554;100;4,4571414;91
593;100;4,376;100
1469;100;4,314998;100
3048;100;4,5340004;100
2471;100;4,524;100
497;100;4,262;100
3722;100;4,519565;46
455;100;4,331;100
1070;100;4,358;100
365;100;4,3660007;100
3297;100;4,444;100
709;100;4,4410014;100
233;100;4,473;100
1913;100;4,4110003;100
2981;100;4,446999;100
3036;100;4,528;100
3576;100;4,37143;91
883;100;4,393;100
2178;100;4,2880006;100
101;100;4,315001;100
2656;100;4,6260004;100
1015;100;4,34;100
1418;100;4,2439995;100
1871;100;4,4700003;100
3670;100;4,4352283;88
973;100;4,4250007;100
2772;100;4,4440002;100
